ada,contract_id,decision_type,amount,issue_date
惟螚围螕螣巍螚9-韦违螢,contract:484668242a83,螒螡螒螛螘危螚 螘巍螕惟螡 / 螤巍螣螠螚螛螘螜惟螡 / 违螤螚巍螘危螜惟螡 / 螠螘螞螘韦惟螡,200.0,1579478400000
惟螞桅螒螣巍螚9-螖违1,contract:a0cbca0f4100,螘螕螝巍螜危螚 螖螒螤螒螡螚危,500.0,2020-01-20
6螢螣围螣巍螚9-螢唯惟,contract:a49a4ba4db60,螒螡螒螛螘危螚 螘巍螕惟螡 / 螤巍螣螠螚螛螘螜惟螡 / 违螤螚巍螘危螜惟螡 / 螠螘螞螘韦惟螡,248.0,1584316800000
9螛巍3螣巍螚9-6螘螣,contract:ef7deb7c12e8,螒螡螒螛螘危螚 螘巍螕惟螡 / 螤巍螣螠螚螛螘螜惟螡 / 违螤螚巍螘危螜惟螡 / 螠螘螞螘韦惟螡,2175.0,1589328000000
唯唯螚9螣巍螚9-69螣,contract:1c2473ebfce8,螒螡螒螛螘危螚 螘巍螕惟螡 / 螤巍螣螠螚螛螘螜惟螡 / 违螤螚巍螘危螜惟螡 / 螠螘螞螘韦惟螡,1100.0,1594598400000
唯8螣6螣巍螚9-螝螘巍,contract:5ef05bd5d142,螒螡螒螛螘危螚 螘巍螕惟螡 / 螤巍螣螠螚螛螘螜惟螡 / 违螤螚巍螘危螜惟螡 / 螠螘螞螘韦惟螡,1650.0,1596758400000
6螢桅9螣巍螚9-螙7巍,contract:d655f41d1660,螞螣螜螤螘危 螒韦螣螠螜螝螘危 螖螜螣螜螝螚韦螜螝螘危 螤巍螒螢螘螜危,16000.0,2020-08-07
68螤1螣巍螚9-螡螔螠,contract:511ce329c9ae,螒螡螒螛螘危螚 螘巍螕惟螡 / 螤巍螣螠螚螛螘螜惟螡 / 违螤螚巍螘危螜惟螡 / 螠螘螞螘韦惟螡,4823.6,1599436800000
6螖2唯螣巍螚9-围0螡,contract:eb87248ba7a6,螝螒韦螒螝违巍惟危螚,74400.0,1603152000000
惟20螙螣巍螚9-7螘惟,contract:45829526d4f2,螒螡螒螛螘危螚 螘巍螕惟螡 / 螤巍螣螠螚螛螘螜惟螡 / 违螤螚巍螘危螜惟螡 / 螠螘螞螘韦惟螡,1000.0,1603152000000
惟螚惟2螣巍螚9-89螚,contract:000cec9c41ca,螒螡螒螛螘危螚 螘巍螕惟螡 / 螤巍螣螠螚螛螘螜惟螡 / 违螤螚巍螘危螜惟螡 / 螠螘螞螘韦惟螡,1391.28,1604275200000
6螔危螕螣巍螚9-螛巍螒,contract:1dbe10cebc5b,螒螡螒螛螘危螚 螘巍螕惟螡 / 螤巍螣螠螚螛螘螜惟螡 / 违螤螚巍螘危螜惟螡 / 螠螘螞螘韦惟螡,5084.0,1609113600000
6桅桅螖螣巍螚9-螞螖围,contract:a1d55da6e570,螘螕螝巍螜危螚 螖螒螤螒螡螚危,500.0,2021-01-08
唯07螠螣巍螚9-螖惟螙,contract:f63eb4341b4c,螒螡螒螛螘危螚 螘巍螕惟螡 / 螤巍螣螠螚螛螘螜惟螡 / 违螤螚巍螘危螜惟螡 / 螠螘螞螘韦惟螡,595.2,1616889600000
惟桅99螣巍螚9-螕螣螡,contract:fd3e6f69e115,螒螡螒螛螘危螚 螘巍螕惟螡 / 螤巍螣螠螚螛螘螜惟螡 / 违螤螚巍螘危螜惟螡 / 螠螘螞螘韦惟螡,2418.0,1616889600000
9螡惟2螣巍螚9-螘螘螣,contract:4f1958502e4d,螘螕螝巍螜危螚 螖螒螤螒螡螚危,300.0,2021-03-28
61惟3螣巍螚9-1螝螖,contract:4f1958502e4d,螘螕螝巍螜危螚 螖螒螤螒螡螚危,300.0,2021-04-12
9螕8唯螣巍螚9-螠螡螚,contract:77e23f91e826,螒螡螒螛螘危螚 螘巍螕惟螡 / 螤巍螣螠螚螛螘螜惟螡 / 违螤螚巍螘危螜惟螡 / 螠螘螞螘韦惟螡,9920.0,1621900800000
6螒螘螛螣巍螚9-螜螒5,contract:26cbbf24b6fd,螒螡螒螛螘危螚 螘巍螕惟螡 / 螤巍螣螠螚螛螘螜惟螡 / 违螤螚巍螘危螜惟螡 / 螠螘螞螘韦惟螡,15500.0,1635724800000
唯螣3螒螣巍螚9-唯螡螘,contract:24f6f38b535b,螒螡螒螛螘危螚 螘巍螕惟螡 / 螤巍螣螠螚螛螘螜惟螡 / 违螤螚巍螘危螜惟螡 / 螠螘螞螘韦惟螡,917.0,1635724800000
9桅螙危螣巍螚9-螔惟唯,contract:09fb82567f6d,螒螡螒螛螘危螚 螘巍螕惟螡 / 螤巍螣螠螚螛螘螜惟螡 / 违螤螚巍螘危螜惟螡 / 螠螘螞螘韦惟螡,843.08,1638921600000
惟韦螠螒螣巍螚9-7螔螠,contract:307b0d54ec46,螘螕螝巍螜危螚 螖螒螤螒螡螚危,14000.0,2021-12-21
6螖9螢螣巍螚9-螤违桅,contract:0e181707b334,螘螕螝巍螜危螚 螖螒螤螒螡螚危,300.0,2022-01-03
唯9桅螔螣巍螚9-1桅螠,contract:0524dc6fc569,螘螕螝巍螜危螚 螖螒螤螒螡螚危,500.0,2022-01-19
6007螣巍螚9-螢螖危,contract:bef972c5ec55,螒螡螒螛螘危螚 螘巍螕惟螡 / 螤巍螣螠螚螛螘螜惟螡 / 违螤螚巍螘危螜惟螡 / 螠螘螞螘韦惟螡,37200.0,1656460800000
唯螛螒螣螣巍螚9-螚螝螒,contract:73493d514f5a,螘螕螝巍螜危螚 螖螒螤螒螡螚危,14000.0,2022-06-29
65螜螣螣巍螚9-1螚唯,contract:212a213b1613,螒螡螒螛螘危螚 螘巍螕惟螡 / 螤巍螣螠螚螛螘螜惟螡 / 违螤螚巍螘危螜惟螡 / 螠螘螞螘韦惟螡,26800.0,1661990400000
唯7螔1螣巍螚9-5螛2,contract:61641d52c8b1,螒螡螒螛螘危螚 螘巍螕惟螡 / 螤巍螣螠螚螛螘螜惟螡 / 违螤螚巍螘危螜惟螡 / 螠螘螞螘韦惟螡,482.5,1663632000000
9围唯螣螣巍螚9-巍螒螠,contract:eecff5f4621f,螒螡螒螛螘危螚 螘巍螕惟螡 / 螤巍螣螠螚螛螘螜惟螡 / 违螤螚巍螘危螜惟螡 / 螠螘螞螘韦惟螡,5983.0,1665532800000
唯螣螣韦螣巍螚9-螤螣螣,contract:eecff5f4621f,螒螡螒螛螘危螚 螘巍螕惟螡 / 螤巍螣螠螚螛螘螜惟螡 / 违螤螚巍螘危螜惟螡 / 螠螘螞螘韦惟螡,6000.0,1681084800000
6螖螔螙螣巍螚9-螞0螚,contract:77167a064b37,螒螡螒螛螘危螚 螘巍螕惟螡 / 螤巍螣螠螚螛螘螜惟螡 / 违螤螚巍螘危螜惟螡 / 螠螘螞螘韦惟螡,18200.0,1666656000000
惟2螔0螣巍螚9-螤螜围,contract:4613c71fee3e,螒螡螒螛螘危螚 螘巍螕惟螡 / 螤巍螣螠螚螛螘螜惟螡 / 违螤螚巍螘危螜惟螡 / 螠螘螞螘韦惟螡,10000.0,1666656000000
巍9惟螒螣巍螚9-8韦危,contract:9a4f7e364e7c,螒螡螒螛螘危螚 螘巍螕惟螡 / 螤巍螣螠螚螛螘螜惟螡 / 违螤螚巍螘危螜惟螡 / 螠螘螞螘韦惟螡,16988.0,1677628800000
6螣螙螢螣巍螚9-螚91,contract:e2a14d41f4a4,螒螡螒螛螘危螚 螘巍螕惟螡 / 螤巍螣螠螚螛螘螜惟螡 / 违螤螚巍螘危螜惟螡 / 螠螘螞螘韦惟螡,4993.48,1685577600000
96螕3螣巍螚9-惟螣9,contract:cce176e9cfce,螒螡螒螛螘危螚 螘巍螕惟螡 / 螤巍螣螠螚螛螘螜惟螡 / 违螤螚巍螘危螜惟螡 / 螠螘螞螘韦惟螡,68200.0,1685577600000
唯螙7螜螣巍螚9-44螙,contract:5238892c0069,螘螕螝巍螜危螚 螖螒螤螒螡螚危,669.05,2023-07-24
巍螚螔螝螣巍螚9-螛4螠,contract:42aa76b51255,螞螣螜螤螘危 螒韦螣螠螜螝螘危 螖螜螣螜螝螚韦螜螝螘危 螤巍螒螢螘螜危,10000000.0,2024-05-16
9螔6螡螣巍螚9-1螠2,contract:21b19ae86bd0,螒螡螒螛螘危螚 螘巍螕惟螡 / 螤巍螣螠螚螛螘螜惟螡 / 违螤螚巍螘危螜惟螡 / 螠螘螞螘韦惟螡,10540.0,1719446400000
螘螣螣螝螣巍螚9-唯4违,contract:8b84ee0c1027,螒螡螒螛螘危螚 螘巍螕惟螡 / 螤巍螣螠螚螛螘螜惟螡 / 违螤螚巍螘危螜惟螡 / 螠螘螞螘韦惟螡,9560.0,1719446400000
66惟螡螣巍螚9-螘7唯,contract:18444e74fade,螒螡螒螛螘危螚 螘巍螕惟螡 / 螤巍螣螠螚螛螘螜惟螡 / 违螤螚巍螘危螜惟螡 / 螠螘螞螘韦惟螡,74400.0,1719792000000
唯4螣唯螣巍螚9-螠26,contract:9657e6f7ef71,螒螡螒螛螘危螚 螘巍螕惟螡 / 螤巍螣螠螚螛螘螜惟螡 / 违螤螚巍螘危螜惟螡 / 螠螘螞螘韦惟螡,7000.0,1721001600000
唯螤7危螣巍螚9-螔9螡,contract:bead09c848b0,螒螡螒螛螘危螚 螘巍螕惟螡 / 螤巍螣螠螚螛螘螜惟螡 / 违螤螚巍螘危螜惟螡 / 螠螘螞螘韦惟螡,12400.0,1729468800000
6违巍螞螣巍螚9-螝0螕,contract:a94114e32cbd,螒螡螒螛螘危螚 螘巍螕惟螡 / 螤巍螣螠螚螛螘螜惟螡 / 违螤螚巍螘危螜惟螡 / 螠螘螞螘韦惟螡,5000.0,1732233600000
9螢螘8螣巍螚9-0螜螢,contract:7d5036f68254,螒螡螒螛螘危螚 螘巍螕惟螡 / 螤巍螣螠螚螛螘螜惟螡 / 违螤螚巍螘危螜惟螡 / 螠螘螞螘韦惟螡,9982.0,1732233600000
唯8螜危螣巍螚9-207,contract:e34324f50f07,螒螡螒螛螘危螚 螘巍螕惟螡 / 螤巍螣螠螚螛螘螜惟螡 / 违螤螚巍螘危螜惟螡 / 螠螘螞螘韦惟螡,4900.0,1732233600000
唯螢螕围螣巍螚9-螤螡螛,contract:d71fa0aa0ca6,螒螡螒螛螘危螚 螘巍螕惟螡 / 螤巍螣螠螚螛螘螜惟螡 / 违螤螚巍螘危螜惟螡 / 螠螘螞螘韦惟螡,24800.0,1732233600000
9螤违螠螣巍螚9-螠螠巍,contract:9c1d56987c0c,螒螡螒螛螘危螚 螘巍螕惟螡 / 螤巍螣螠螚螛螘螜惟螡 / 违螤螚巍螘危螜惟螡 / 螠螘螞螘韦惟螡,2500.0,1738540800000
唯螒韦螛螣巍螚9-687,contract:9c1d56987c0c,螒螡螒螛螘危螚 螘巍螕惟螡 / 螤巍螣螠螚螛螘螜惟螡 / 违螤螚巍螘危螜惟螡 / 螠螘螞螘韦惟螡,2500.0,1738540800000
6螢7螠螣巍螚9-螛螜2,contract:9c1d56987c0c,螒螡螒螛螘危螚 螘巍螕惟螡 / 螤巍螣螠螚螛螘螜惟螡 / 违螤螚巍螘危螜惟螡 / 螠螘螞螘韦惟螡,2500.0,1742342400000
巍螡围1螣巍螚9-9螣螙,contract:9c1d56987c0c,螒螡螒螛螘危螚 螘巍螕惟螡 / 螤巍螣螠螚螛螘螜惟螡 / 违螤螚巍螘危螜惟螡 / 螠螘螞螘韦惟螡,2500.0,1742342400000
63螤螚螣巍螚9-唯螞危,contract:00e33d56590b,螒螡螒螛螘危螚 螘巍螕惟螡 / 螤巍螣螠螚螛螘螜惟螡 / 违螤螚巍螘危螜惟螡 / 螠螘螞螘韦惟螡,9672.0,1739750400000
9螘螝螜螣巍螚9-螛2桅,contract:3817fe6a0dbd,螒螡螒螛螘危螚 螘巍螕惟螡 / 螤巍螣螠螚螛螘螜惟螡 / 违螤螚巍螘危螜惟螡 / 螠螘螞螘韦惟螡,1650.0,1739923200000
9桅螜9螣巍螚9-螣1螖,contract:8b296417ceb6,螒螡螒螛螘危螚 螘巍螕惟螡 / 螤巍螣螠螚螛螘螜惟螡 / 违螤螚巍螘危螜惟螡 / 螠螘螞螘韦惟螡,3000.0,1739923200000
唯0螕4螣巍螚9-螙螞2,contract:8b296417ceb6,螒螡螒螛螘危螚 螘巍螕惟螡 / 螤巍螣螠螚螛螘螜惟螡 / 违螤螚巍螘危螜惟螡 / 螠螘螞螘韦惟螡,3000.0,1739923200000
巍螙违螠螣巍螚9-4螣2,contract:f238f3fcf0cf,螒螡螒螛螘危螚 螘巍螕惟螡 / 螤巍螣螠螚螛螘螜惟螡 / 违螤螚巍螘危螜惟螡 / 螠螘螞螘韦惟螡,1500.0,1739923200000
9螛74螣巍螚9-螠72,contract:3e8d18fc9673,螒螡螒螛螘危螚 螘巍螕惟螡 / 螤巍螣螠螚螛螘螜惟螡 / 违螤螚巍螘危螜惟螡 / 螠螘螞螘韦惟螡,6388.38,1740096000000
94螠9螣巍螚9-4螡违,contract:22196c230ef2,螒螡螒螛螘危螚 螘巍螕惟螡 / 螤巍螣螠螚螛螘螜惟螡 / 违螤螚巍螘危螜惟螡 / 螠螘螞螘韦惟螡,4513.6,1740441600000
巍3唯1螣巍螚9-螒唯螖,contract:c5ae15c74ab7,螒螡螒螛螘危螚 螘巍螕惟螡 / 螤巍螣螠螚螛螘螜惟螡 / 违螤螚巍螘危螜惟螡 / 螠螘螞螘韦惟螡,10310.0,1740441600000
唯螤螕螡螣巍螚9-螝螕违,contract:3bc2a9b107d6,螒螡螒螛螘危螚 螘巍螕惟螡 / 螤巍螣螠螚螛螘螜惟螡 / 违螤螚巍螘危螜惟螡 / 螠螘螞螘韦惟螡,12648.0,1741651200000
9螘螞8螣巍螚9-螖螞螡,contract:9c93d6e1cbf8,螒螡螒螛螘危螚 螘巍螕惟螡 / 螤巍螣螠螚螛螘螜惟螡 / 违螤螚巍螘危螜惟螡 / 螠螘螞螘韦惟螡,18000.0,1741737600000
唯违螜2螣巍螚9-围惟围,contract:7946d32df7d6,螒螡螒螛螘危螚 螘巍螕惟螡 / 螤巍螣螠螚螛螘螜惟螡 / 违螤螚巍螘危螜惟螡 / 螠螘螞螘韦惟螡,12400.0,1741737600000
6螝螛桅螣巍螚9-螚螡螜,contract:0a1365b1a704,螒螡螒螛螘危螚 螘巍螕惟螡 / 螤巍螣螠螚螛螘螜惟螡 / 违螤螚巍螘危螜惟螡 / 螠螘螞螘韦惟螡,3700.0,1741910400000
6螚螕螡螣巍螚9-螙8螤,contract:413805eb92dd,螒螡螒螛螘危螚 螘巍螕惟螡 / 螤巍螣螠螚螛螘螜惟螡 / 违螤螚巍螘危螜惟螡 / 螠螘螞螘韦惟螡,3000.0,1742515200000
9围围0螣巍螚9-5螝唯,contract:413805eb92dd,螒螡螒螛螘危螚 螘巍螕惟螡 / 螤巍螣螠螚螛螘螜惟螡 / 违螤螚巍螘危螜惟螡 / 螠螘螞螘韦惟螡,3000.0,1742515200000
唯桅螘螜螣巍螚9-螡危巍,contract:2e180ad57d71,螒螡螒螛螘危螚 螘巍螕惟螡 / 螤巍螣螠螚螛螘螜惟螡 / 违螤螚巍螘危螜惟螡 / 螠螘螞螘韦惟螡,9000.0,1743724800000
97巍螘螣巍螚9-5螜螛,contract:56f971bd7afb,螒螡螒螛螘危螚 螘巍螕惟螡 / 螤巍螣螠螚螛螘螜惟螡 / 违螤螚巍螘危螜惟螡 / 螠螘螞螘韦惟螡,16000.0,1744070400000
9惟2违螣巍螚9-螕螚4,contract:f32fb5ea79f2,螒螡螒螛螘危螚 螘巍螕惟螡 / 螤巍螣螠螚螛螘螜惟螡 / 违螤螚巍螘危螜惟螡 / 螠螘螞螘韦惟螡,15000.0,1745539200000
9螤唯惟螣巍螚9-39螠,contract:f32fb5ea79f2,螒螡螒螛螘危螚 螘巍螕惟螡 / 螤巍螣螠螚螛螘螜惟螡 / 违螤螚巍螘危螜惟螡 / 螠螘螞螘韦惟螡,15000.0,1748390400000
9螕螡螔螣巍螚9-螜1螞,contract:f32fb5ea79f2,螒螡螒螛螘危螚 螘巍螕惟螡 / 螤巍螣螠螚螛螘螜惟螡 / 违螤螚巍螘危螜惟螡 / 螠螘螞螘韦惟螡,15000.0,1749168000000
6螒螝螞螣巍螚9-8螕螤,contract:3745c01624cf,螒螡螒螛螘危螚 螘巍螕惟螡 / 螤巍螣螠螚螛螘螜惟螡 / 违螤螚巍螘危螜惟螡 / 螠螘螞螘韦惟螡,8494.0,1745884800000
唯螕危螠螣巍螚9-螝桅0,contract:051746477c88,螒螡螒螛螘危螚 螘巍螕惟螡 / 螤巍螣螠螚螛螘螜惟螡 / 违螤螚巍螘危螜惟螡 / 螠螘螞螘韦惟螡,10998.8,1745884800000
唯螤螖巍螣巍螚9-螛围螕,contract:ee282144cb4b,螒螡螒螛螘危螚 螘巍螕惟螡 / 螤巍螣螠螚螛螘螜惟螡 / 违螤螚巍螘危螜惟螡 / 螠螘螞螘韦惟螡,4499.75,1745971200000
97惟螔螣巍螚9-桅螠6,contract:0db9c60723ee,螒螡螒螛螘危螚 螘巍螕惟螡 / 螤巍螣螠螚螛螘螜惟螡 / 违螤螚巍螘危螜惟螡 / 螠螘螞螘韦惟螡,2450.0,1746662400000
6桅螜围螣巍螚9-螒螛螔,contract:76b043803aa2,螒螡螒螛螘危螚 螘巍螕惟螡 / 螤巍螣螠螚螛螘螜惟螡 / 违螤螚巍螘危螜惟螡 / 螠螘螞螘韦惟螡,1980.0,1747612800000
6螛螛唯螣巍螚9-螚3围,contract:cf6e521c4c74,螒螡螒螛螘危螚 螘巍螕惟螡 / 螤巍螣螠螚螛螘螜惟螡 / 违螤螚巍螘危螜惟螡 / 螠螘螞螘韦惟螡,1750.0,1747785600000
9螒螤2螣巍螚9-围3螚,contract:6118eec408c2,螒螡螒螛螘危螚 螘巍螕惟螡 / 螤巍螣螠螚螛螘螜惟螡 / 违螤螚巍螘危螜惟螡 / 螠螘螞螘韦惟螡,4000.0,1747872000000
唯螝9韦螣巍螚9-螒螣螒,contract:fa51001f9ec0,螒螡螒螛螘危螚 螘巍螕惟螡 / 螤巍螣螠螚螛螘螜惟螡 / 违螤螚巍螘危螜惟螡 / 螠螘螞螘韦惟螡,5734.0,1747872000000
巍5螢螛螣巍螚9-0螖螘,contract:673d3ba94c31,螒螡螒螛螘危螚 螘巍螕惟螡 / 螤巍螣螠螚螛螘螜惟螡 / 违螤螚巍螘危螜惟螡 / 螠螘螞螘韦惟螡,2250.0,1750809600000
巍唯3螠螣巍螚9-螡螒螔,contract:b4c9e32f8eed,螒螡螒螛螘危螚 螘巍螕惟螡 / 螤巍螣螠螚螛螘螜惟螡 / 违螤螚巍螘危螜惟螡 / 螠螘螞螘韦惟螡,1650.0,1750809600000
唯7螣桅螣巍螚9-4螘螠,contract:4c99d4b06fc7,螒螡螒螛螘危螚 螘巍螕惟螡 / 螤巍螣螠螚螛螘螜惟螡 / 违螤螚巍螘危螜惟螡 / 螠螘螞螘韦惟螡,1000.0,1750809600000
9螘唯螤螣巍螚9-桅螠螤,contract:18f5da72eba0,螒螡螒螛螘危螚 螘巍螕惟螡 / 螤巍螣螠螚螛螘螜惟螡 / 违螤螚巍螘危螜惟螡 / 螠螘螞螘韦惟螡,1500.0,1751500800000
唯螒螖惟螣巍螚9-惟螠惟,contract:3c9b12c8113b,螒螡螒螛螘危螚 螘巍螕惟螡 / 螤巍螣螠螚螛螘螜惟螡 / 违螤螚巍螘危螜惟螡 / 螠螘螞螘韦惟螡,2000.0,1751500800000
9螖1螣螣巍螚9-螤桅7,contract:2bb207341dd6,螒螡螒螛螘危螚 螘巍螕惟螡 / 螤巍螣螠螚螛螘螜惟螡 / 违螤螚巍螘危螜惟螡 / 螠螘螞螘韦惟螡,1860.0,1751587200000
唯螒76螣巍螚9-危2螔,contract:fef243b55f82,螒螡螒螛螘危螚 螘巍螕惟螡 / 螤巍螣螠螚螛螘螜惟螡 / 违螤螚巍螘危螜惟螡 / 螠螘螞螘韦惟螡,1000.0,1751587200000
9惟螞围螣巍螚9-唯围6,contract:e7d2dd29642f,螒螡螒螛螘危螚 螘巍螕惟螡 / 螤巍螣螠螚螛螘螜惟螡 / 违螤螚巍螘危螜惟螡 / 螠螘螞螘韦惟螡,74400.0,1753142400000
9839螣巍螚9-2螖螝,contract:a37370a11fdb,螒螡螒螛螘危螚 螘巍螕惟螡 / 螤巍螣螠螚螛螘螜惟螡 / 违螤螚巍螘危螜惟螡 / 螠螘螞螘韦惟螡,4100.0,1755820800000
9螕09螣巍螚9-51螛,contract:285c78286d6a,螒螡螒螛螘危螚 螘巍螕惟螡 / 螤巍螣螠螚螛螘螜惟螡 / 违螤螚巍螘危螜惟螡 / 螠螘螞螘韦惟螡,2350.0,1755820800000
巍螝螣螜螣巍螚9-3螡违,contract:652753550188,螒螡螒螛螘危螚 螘巍螕惟螡 / 螤巍螣螠螚螛螘螜惟螡 / 违螤螚巍螘危螜惟螡 / 螠螘螞螘韦惟螡,6473.34,1755820800000
唯危螖螞螣巍螚9-螤螝惟,contract:996d05a32958,螒螡螒螛螘危螚 螘巍螕惟螡 / 螤巍螣螠螚螛螘螜惟螡 / 违螤螚巍螘危螜惟螡 / 螠螘螞螘韦惟螡,2000.0,1765411200000
螘惟螔螝螣巍螚9-8螚7,contract:684a4f826446,螘螕螝巍螜危螚 螖螒螤螒螡螚危,641.18,2026-01-15
巍4围螒螣巍螚9-惟4螡,contract:94a599c40cfb,螒螡螒螛螘危螚 螘巍螕惟螡 / 螤巍螣螠螚螛螘螜惟螡 / 违螤螚巍螘危螜惟螡 / 螠螘螞螘韦惟螡,12400.0,1770768000000
唯螝巍螕螣巍螚9-3螡危,contract:94a599c40cfb,螒螡螒螛螘危螚 螘巍螕惟螡 / 螤巍螣螠螚螛螘螜惟螡 / 违螤螚巍螘危螜惟螡 / 螠螘螞螘韦惟螡,12400.0,1770768000000
唯螤9螡螣巍螚9-唯螔螡,contract:2bb46c4599a9,螒螡螒螛螘危螚 螘巍螕惟螡 / 螤巍螣螠螚螛螘螜惟螡 / 违螤螚巍螘危螜惟螡 / 螠螘螞螘韦惟螡,3720.0,1770768000000
巍7螢6螣巍螚9-56螛,contract:2bb46c4599a9,螒螡螒螛螘危螚 螘巍螕惟螡 / 螤巍螣螠螚螛螘螜惟螡 / 违螤螚巍螘危螜惟螡 / 螠螘螞螘韦惟螡,3720.0,1770854400000
唯巍螙螔螣巍螚9-0巍巍,contract:6846a26d8316,螒螡螒螛螘危螚 螘巍螕惟螡 / 螤巍螣螠螚螛螘螜惟螡 / 违螤螚巍螘危螜惟螡 / 螠螘螞螘韦惟螡,9300.0,1770768000000
9螡3螖螣巍螚9-2螔唯,contract:0d838a68f371,螒螡螒螛螘危螚 螘巍螕惟螡 / 螤巍螣螠螚螛螘螜惟螡 / 违螤螚巍螘危螜惟螡 / 螠螘螞螘韦惟螡,2480.0,1770940800000
唯惟韦螚螣巍螚9-惟6螠,contract:0944b43c7963,螒螡螒螛螘危螚 螘巍螕惟螡 / 螤巍螣螠螚螛螘螜惟螡 / 违螤螚巍螘危螜惟螡 / 螠螘螞螘韦惟螡,36828.0,1774483200000
螘1螡8螣巍螚9-894,contract:57ef46592135,螒螡螒螛螘危螚 螘巍螕惟螡 / 螤巍螣螠螚螛螘螜惟螡 / 违螤螚巍螘危螜惟螡 / 螠螘螞螘韦惟螡,3000.0,1775606400000
唯2螜8螣巍螚9-9螘螔,contract:57ef46592135,螒螡螒螛螘危螚 螘巍螕惟螡 / 螤巍螣螠螚螛螘螜惟螡 / 违螤螚巍螘危螜惟螡 / 螠螘螞螘韦惟螡,3000.0,1776124800000
唯8螠5螣巍螚9-巍惟3,contract:42ad80df593e,螒螡螒螛螘危螚 螘巍螕惟螡 / 螤巍螣螠螚螛螘螜惟螡 / 违螤螚巍螘危螜惟螡 / 螠螘螞螘韦惟螡,4000.0,1775606400000
唯螚违危螣巍螚9-61螛,contract:4087ddc95664,螒螡螒螛螘危螚 螘巍螕惟螡 / 螤巍螣螠螚螛螘螜惟螡 / 违螤螚巍螘危螜惟螡 / 螠螘螞螘韦惟螡,4000.0,1775606400000
唯00唯螣巍螚9-螡危1,contract:622b4a2e313d,螒螡螒螛螘危螚 螘巍螕惟螡 / 螤巍螣螠螚螛螘螜惟螡 / 违螤螚巍螘危螜惟螡 / 螠螘螞螘韦惟螡,6130.06,1775692800000
唯77螣螣巍螚9-0巍惟,contract:287359dc7a95,螒螡螒螛螘危螚 螘巍螕惟螡 / 螤巍螣螠螚螛螘螜惟螡 / 违螤螚巍螘危螜惟螡 / 螠螘螞螘韦惟螡,1800.0,1775692800000
9螖围桅螣巍螚9-螔螚螢,contract:692d30ea481f,螒螡螒螛螘危螚 螘巍螕惟螡 / 螤巍螣螠螚螛螘螜惟螡 / 违螤螚巍螘危螜惟螡 / 螠螘螞螘韦惟螡,5000.0,1776988800000
巍螛围0螣巍螚9-9螖7,contract:b9128cca1c86,螒螡螒螛螘危螚 螘巍螕惟螡 / 螤巍螣螠螚螛螘螜惟螡 / 违螤螚巍螘危螜惟螡 / 螠螘螞螘韦惟螡,18000.0,1776988800000
巍螠螠2螣巍螚9-危螠4,contract:cf6c55233c03,螒螡螒螛螘危螚 螘巍螕惟螡 / 螤巍螣螠螚螛螘螜惟螡 / 违螤螚巍螘危螜惟螡 / 螠螘螞螘韦惟螡,8928.0,1776988800000
唯唯韦惟螣巍螚9-螢惟螢,contract:b00274c3485f,螒螡螒螛螘危螚 螘巍螕惟螡 / 螤巍螣螠螚螛螘螜惟螡 / 违螤螚巍螘危螜惟螡 / 螠螘螞螘韦惟螡,5100.0,1776988800000
巍4惟1螣巍螚9-3螡桅,contract:4dd3d7e9a11a,螒螡螒螛螘危螚 螘巍螕惟螡 / 螤巍螣螠螚螛螘螜惟螡 / 违螤螚巍螘危螜惟螡 / 螠螘螞螘韦惟螡,8000.0,1777420800000
巍螤围4螣巍螚9-9螜唯,contract:2500bb2b4cfd,螒螡螒螛螘危螚 螘巍螕惟螡 / 螤巍螣螠螚螛螘螜惟螡 / 违螤螚巍螘危螜惟螡 / 螠螘螞螘韦惟螡,7387.92,1777420800000
唯惟9螣螣巍螚9-唯螔螔,contract:9ed3d635ad24,螒螡螒螛螘危螚 螘巍螕惟螡 / 螤巍螣螠螚螛螘螜惟螡 / 违螤螚巍螘危螜惟螡 / 螠螘螞螘韦惟螡,5890.0,1777420800000
唯9螜围螣巍螚9-4螞0,contract:71f168b40fd9,螒螡螒螛螘危螚 螘巍螕惟螡 / 螤巍螣螠螚螛螘螜惟螡 / 违螤螚巍螘危螜惟螡 / 螠螘螞螘韦惟螡,4800.0,1778025600000
唯桅桅韦螣巍螚9-8螛5,contract:868ac07eb152,螒螡螒螛螘危螚 螘巍螕惟螡 / 螤巍螣螠螚螛螘螜惟螡 / 违螤螚巍螘危螜惟螡 / 螠螘螞螘韦惟螡,9796.0,1778630400000
9螣螛巍螣巍螚9-6螚螒,contract:526cb8113304,螒螡螒螛螘危螚 螘巍螕惟螡 / 螤巍螣螠螚螛螘螜惟螡 / 违螤螚巍螘危螜惟螡 / 螠螘螞螘韦惟螡,37000.0,1778716800000
巍螘危巍螣巍螚9-1螢螜,contract:a990f1cd87d5,螒螡螒螛螘危螚 螘巍螕惟螡 / 螤巍螣螠螚螛螘螜惟螡 / 违螤螚巍螘危螜惟螡 / 螠螘螞螘韦惟螡,32976.0,1778716800000
97螞螡螣巍螚9-4螛1,contract:da063a2681a4,螘螕螝巍螜危螚 螖螒螤螒螡螚危,0.0,2020-01-20
9螤螝螖螣巍螚9-螛违3,contract:cb842d57fff8,螘螕螝巍螜危螚 螖螒螤螒螡螚危,0.0,2020-01-20
唯违螤螣螣巍螚9-违螚螕,contract:e66f0cf4c518,螘螕螝巍螜危螚 螖螒螤螒螡螚危,0.0,2020-01-20
惟294螣巍螚9-螖2螤,contract:55a49be6bb4d,螘螕螝巍螜危螚 螖螒螤螒螡螚危,0.0,2020-01-20
惟螘螕危螣巍螚9-螕巍4,contract:5e2d0ec81fcd,螘螕螝巍螜危螚 螖螒螤螒螡螚危,0.0,2020-01-20
惟螠螖螣螣巍螚9-8螣螚,contract:aa90550fcfc9,螘螕螝巍螜危螚 螖螒螤螒螡螚危,0.0,2020-01-20
唯螛螣螡螣巍螚9-围3螘,contract:9c6ec54e24a3,螘螕螝巍螜危螚 螖螒螤螒螡螚危,0.0,2020-01-29
唯韦巍螙螣巍螚9-2螕螢,contract:47f1de85b31d,螘螕螝巍螜危螚 螖螒螤螒螡螚危,0.0,2020-01-29
惟螛唯螛螣巍螚9-1危8,contract:03db3ab854cf,螘螕螝巍螜危螚 螖螒螤螒螡螚危,0.0,2020-01-29
惟巍螛螢螣巍螚9-6螖唯,contract:15fd10036092,螘螕螝巍螜危螚 螖螒螤螒螡螚危,0.0,2020-01-29
66螙桅螣巍螚9-7螛4,contract:640b1f4886ef,螘螕螝巍螜危螚 螖螒螤螒螡螚危,0.0,2020-02-13
6螖巍螞螣巍螚9-螖螜螞,contract:037eae147700,螘螕螝巍螜危螚 螖螒螤螒螡螚危,0.0,2020-02-13
9唯螡螔螣巍螚9-唯5螔,contract:3faef6684467,螘螕螝巍螜危螚 螖螒螤螒螡螚危,0.0,2020-02-13
唯96桅螣巍螚9-危危螤,contract:c65bb94e2b15,螘螕螝巍螜危螚 螖螒螤螒螡螚危,0.0,2020-02-13
唯螚唯0螣巍螚9-3螜螝,contract:8085885c878b,螘螕螝巍螜危螚 螖螒螤螒螡螚危,0.0,2020-02-13
惟7危惟螣巍螚9-螠桅4,contract:0fa35e08568c,螘螕螝巍螜危螚 螖螒螤螒螡螚危,0.0,2020-02-13
68唯围螣巍螚9-螙螕4,contract:bcbac2095cc4,螘螕螝巍螜危螚 螖螒螤螒螡螚危,0.0,2020-03-16
69螖螘螣巍螚9-螤1螒,contract:029540cabe36,螞螣螜螤螘危 螒韦螣螠螜螝螘危 螖螜螣螜螝螚韦螜螝螘危 螤巍螒螢螘螜危,0.0,2020-03-16
9螔韦螡螣巍螚9-惟惟螤,contract:43acf6a3b13d,螘螕螝巍螜危螚 螖螒螤螒螡螚危,0.0,2020-03-16
唯7螒螙螣巍螚9-0螢螔,contract:8396a1fcd6fd,螘螕螝巍螜危螚 螖螒螤螒螡螚危,0.0,2020-03-16
唯螛唯韦螣巍螚9-惟45,contract:a10f7a4ffc6d,螘螕螝巍螜危螚 螖螒螤螒螡螚危,0.0,2020-03-16
6螘螚螚螣巍螚9-唯桅韦,contract:740a7e816fc5,螞螣螜螤螘危 螒韦螣螠螜螝螘危 螖螜螣螜螝螚韦螜螝螘危 螤巍螒螢螘螜危,0.0,2020-04-13
60螢3螣巍螚9-唯围螢,contract:4192544308f6,螘螕螝巍螜危螚 螖螒螤螒螡螚危,0.0,2020-05-13
69螒惟螣巍螚9-螘螚巍,contract:ed5ac76e1f18,螘螕螝巍螜危螚 螖螒螤螒螡螚危,0.0,2020-05-13
6螚围螙螣巍螚9-7螞螙,contract:4d3f8412349c,螘螕螝巍螜危螚 螖螒螤螒螡螚危,0.0,2020-05-13
6巍螠5螣巍螚9-1螡螖,contract:8f5d633e145e,螘螕螝巍螜危螚 螖螒螤螒螡螚危,0.0,2020-05-13
96螔5螣巍螚9-8螕2,contract:0ce813e462fe,螘螕螝巍螜危螚 螖螒螤螒螡螚危,0.0,2020-05-13
97螘6螣巍螚9-桅韦螢,contract:2f2e351f373a,螘螕螝巍螜危螚 螖螒螤螒螡螚危,0.0,2020-05-13
9螘危惟螣巍螚9-螖螒螖,contract:2757d2f09950,螘螕螝巍螜危螚 螖螒螤螒螡螚危,0.0,2020-05-13
唯螝9唯螣巍螚9-螢2螢,contract:9e5d2dd1286d,螘螕螝巍螜危螚 螖螒螤螒螡螚危,0.0,2020-05-13
唯桅螕螠螣巍螚9-3螞围,contract:d9bd76290b64,螘螕螝巍螜危螚 螖螒螤螒螡螚危,0.0,2020-05-13
唯唯9螚螣巍螚9-27螣,contract:abe3c55f79d0,螘螕螝巍螜危螚 螖螒螤螒螡螚危,0.0,2020-05-13
唯螣14螣巍螚9-螙螜螒,contract:2e71e24fd47d,螘螕螝巍螜危螚 螖螒螤螒螡螚危,0.0,2020-05-15
6围桅螡螣巍螚9-桅螔1,contract:0e67c1ad4e16,螘螕螝巍螜危螚 螖螒螤螒螡螚危,0.0,2020-06-03
惟螜桅9螣巍螚9-桅3螤,contract:ba12774e80f3,螘螕螝巍螜危螚 螖螒螤螒螡螚危,0.0,2020-06-03
惟韦螣螛螣巍螚9-6螒6,contract:07e5efaad814,螘螕螝巍螜危螚 螖螒螤螒螡螚危,0.0,2020-06-03
惟螘8惟螣巍螚9-螣螞9,contract:28a7826b8e62,螘螕螝巍螜危螚 螖螒螤螒螡螚危,0.0,2020-06-11
唯3惟3螣巍螚9-围螜违,contract:17de3949c76a,螘螕螝巍螜危螚 螖螒螤螒螡螚危,0.0,2020-06-23
惟螛危螚螣巍螚9-螜98,contract:1354246a492d,螘螕螝巍螜危螚 螖螒螤螒螡螚危,0.0,2020-06-23
惟螠螖螛螣巍螚9-3唯螜,contract:074e1355b666,螘螕螝巍螜危螚 螖螒螤螒螡螚危,0.0,2020-06-23
惟唯螖1螣巍螚9-764,contract:d58e640cd1a8,螘螕螝巍螜危螚 螖螒螤螒螡螚危,0.0,2020-06-23
惟唯螞螤螣巍螚9-7螢螤,contract:27bcd80f777e,螘螕螝巍螜危螚 螖螒螤螒螡螚危,0.0,2020-06-23
65螞3螣巍螚9-围03,contract:58c5a395b94e,螞螣螜螤螘危 螒韦螣螠螜螝螘危 螖螜螣螜螝螚韦螜螝螘危 螤巍螒螢螘螜危,0.0,2020-07-13
6危8螔螣巍螚9-54惟,contract:9431ef5a65ca,螘螕螝巍螜危螚 螖螒螤螒螡螚危,0.0,2020-07-13
6惟螚违螣巍螚9-危1螙,contract:302a25943d0e,螘螕螝巍螜危螚 螖螒螤螒螡螚危,0.0,2020-07-13
唯8螛0螣巍螚9-桅唯螙,contract:85cadcdc2aaf,螘螕螝巍螜危螚 螖螒螤螒螡螚危,0.0,2020-07-13
唯螙危螞螣巍螚9-螔螞螡,contract:764d7a90037a,螘螕螝巍螜危螚 螖螒螤螒螡螚危,0.0,2020-07-13
唯螙违螘螣巍螚9-螣巍2,contract:8b82b859ab82,螘螕螝巍螜危螚 螖螒螤螒螡螚危,0.0,2020-07-13
惟螘螝螢螣巍螚9-4螢5,contract:dcf376f4c86b,螘螕螝巍螜危螚 螖螒螤螒螡螚危,0.0,2020-07-13
6螡1螤螣巍螚9-螛螣巍,contract:17c6138cb68d,螘螕螝巍螜危螚 螖螒螤螒螡螚危,0.0,2020-07-27
663螔螣巍螚9-螢螖围,contract:8fb8a214adc2,螘螕螝巍螜危螚 螖螒螤螒螡螚危,0.0,2020-08-07
67危螞螣巍螚9-2螖9,contract:d9d39cd60850,螘螕螝巍螜危螚 螖螒螤螒螡螚危,0.0,2020-08-07
6螠螞3螣巍螚9-螜巍1,contract:513b783b3362,螘螕螝巍螜危螚 螖螒螤螒螡螚危,0.0,2020-08-07
6违唯危螣巍螚9-21螖,contract:c8f2a2bfefce,螘螕螝巍螜危螚 螖螒螤螒螡螚危,0.0,2020-08-07
974韦螣巍螚9-围螝螣,contract:da767ff3db6f,螘螕螝巍螜危螚 螖螒螤螒螡螚危,0.0,2020-08-07
唯7违螘螣巍螚9-螕韦螖,contract:2fc0ee3de710,螘螕螝巍螜危螚 螖螒螤螒螡螚危,0.0,2020-08-07
惟31唯螣巍螚9-螔螚1,contract:dc6b06bf6232,螞螣螜螤螘危 螒韦螣螠螜螝螘危 螖螜螣螜螝螚韦螜螝螘危 螤巍螒螢螘螜危,0.0,2020-08-07
68违螒螣巍螚9-0螠7,contract:29d33436545f,螘螕螝巍螜危螚 螖螒螤螒螡螚危,0.0,2020-09-07
6螛围危螣巍螚9-7围巍,contract:b85f8196da8e,螘螕螝巍螜危螚 螖螒螤螒螡螚危,0.0,2020-09-07
唯3惟螒螣巍螚9-833,contract:3391fe4f1126,螘螕螝巍螜危螚 螖螒螤螒螡螚危,0.0,2020-09-07
唯螒2螖螣巍螚9-螕螜7,contract:4f5169fc4b6f,螘螕螝巍螜危螚 螖螒螤螒螡螚危,0.0,2020-09-07
惟螝27螣巍螚9-螔螖螒,contract:cd50a30de157,螘螕螝巍螜危螚 螖螒螤螒螡螚危,0.0,2020-09-07
惟危围9螣巍螚9-螠螖韦,contract:e3b46a0a9cb8,螘螕螝巍螜危螚 螖螒螤螒螡螚危,0.0,2020-09-07
63螛7螣巍螚9-58螣,contract:57666234b612,螘螕螝巍螜危螚 螖螒螤螒螡螚危,0.0,2020-09-11
991螡螣巍螚9-螙唯螤,contract:5e4229711b4f,螘螕螝巍螜危螚 螖螒螤螒螡螚危,0.0,2020-09-11
9违桅螤螣巍螚9-9螣韦,contract:2035b2098a53,螘螕螝巍螜危螚 螖螒螤螒螡螚危,0.0,2020-09-11
9惟23螣巍螚9-3唯螡,contract:004cd62109b2,螘螕螝巍螜危螚 螖螒螤螒螡螚危,0.0,2020-09-11
唯4螘1螣巍螚9-危7螜,contract:2e8513e47597,螘螕螝巍螜危螚 螖螒螤螒螡螚危,0.0,2020-09-11
唯9危螣螣巍螚9-螠螚螛,contract:4dfcf4e82492,螘螕螝巍螜危螚 螖螒螤螒螡螚危,0.0,2020-09-11
惟3唯3螣巍螚9-围危螕,contract:2decbb0ea6f6,螘螕螝巍螜危螚 螖螒螤螒螡螚危,0.0,2020-09-11
惟违螙6螣巍螚9-螢韦螒,contract:c210ae30742a,螘螕螝巍螜危螚 螖螒螤螒螡螚危,0.0,2020-09-11
91螛螢螣巍螚9-螖螜螛,contract:8d5c1911dd44,螘螕螝巍螜危螚 螖螒螤螒螡螚危,0.0,2020-10-20
唯12螡螣巍螚9-62围,contract:de8d5461b4ba,螘螕螝巍螜危螚 螖螒螤螒螡螚危,0.0,2020-10-20
唯螚螚桅螣巍螚9-4螚韦,contract:d35bd18cf02b,螘螕螝巍螜危螚 螖螒螤螒螡螚危,0.0,2020-10-20
唯韦0螒螣巍螚9-巍51,contract:e6cff8d95d7c,螘螕螝巍螜危螚 螖螒螤螒螡螚危,0.0,2020-10-20
惟9螞螘螣巍螚9-危8螘,contract:b11addf908d7,螘螕螝巍螜危螚 螖螒螤螒螡螚危,0.0,2020-10-20
6螔51螣巍螚9-螛螕0,contract:bd4043d89078,螘螕螝巍螜危螚 螖螒螤螒螡螚危,0.0,2020-10-27
唯螝4螙螣巍螚9-螣20,contract:e7d94de06b76,螘螕螝巍螜危螚 螖螒螤螒螡螚危,0.0,2020-10-27
惟螒27螣巍螚9-螛巍螖,contract:8b6369b5df06,螘螕螝巍螜危螚 螖螒螤螒螡螚危,0.0,2020-10-27
惟巍螔螚螣巍螚9-7螘9,contract:ec0ad8a84f66,螘螕螝巍螜危螚 螖螒螤螒螡螚危,0.0,2020-10-27
66围螝螣巍螚9-4螜6,contract:8a24a926423e,螘螕螝巍螜危螚 螖螒螤螒螡螚危,0.0,2020-11-02
6螤41螣巍螚9-67巍,contract:8d6fb1cc2d1a,螘螕螝巍螜危螚 螖螒螤螒螡螚危,0.0,2020-11-02
6桅螚螤螣巍螚9-韦惟螖,contract:add25a8ee8e1,螘螕螝巍螜危螚 螖螒螤螒螡螚危,0.0,2020-11-02
惟螕螣螞螣巍螚9-8螞3,contract:cf63d111869e,螘螕螝巍螜危螚 螖螒螤螒螡螚危,0.0,2020-11-02
惟螜围螒螣巍螚9-螔15,contract:3aa1c6c5fffb,螘螕螝巍螜危螚 螖螒螤螒螡螚危,0.0,2020-11-02
惟违2违螣巍螚9-螕螣螛,contract:82d4831895d7,螘螕螝巍螜危螚 螖螒螤螒螡螚危,0.0,2020-11-02
惟惟螠韦螣巍螚9-螝60,contract:0f143357ecfe,螘螕螝巍螜危螚 螖螒螤螒螡螚危,0.0,2020-11-02
6螠螠4螣巍螚9-危螞螢,contract:9842760fb432,螝螒螡螣螡螜危韦螜螝螚 螤巍螒螢螚,0.0,2020-11-19
6螡违韦螣巍螚9-00危,contract:76df9f3f05dc,螘螕螝巍螜危螚 螖螒螤螒螡螚危,0.0,2020-11-19
6围螔3螣巍螚9-螞围桅,contract:5dc35a7d9ea5,螘螕螝巍螜危螚 螖螒螤螒螡螚危,0.0,2020-11-19
9403螣巍螚9-螠螣7,contract:a4ca54489282,螘螕螝巍螜危螚 螖螒螤螒螡螚危,0.0,2020-11-19
99唯螒螣巍螚9-8韦螒,contract:ee9f205836b7,螘螕螝巍螜危螚 螖螒螤螒螡螚危,0.0,2020-11-19
唯螠螢桅螣巍螚9-97螝,contract:c6a3781e9045,螘螕螝巍螜危螚 螖螒螤螒螡螚危,0.0,2020-11-19
惟螛螡螛螣巍螚9-螕螞螘,contract:d15772d72ff1,螘螕螝巍螜危螚 螖螒螤螒螡螚危,0.0,2020-11-19
6螕螤惟螣巍螚9-螖螕螢,contract:6a0c898f01dd,螘螕螝巍螜危螚 螖螒螤螒螡螚危,0.0,2020-11-20
6螠韦7螣巍螚9-螝螒5,contract:6929c17da49f,螘螕螝巍螜危螚 螖螒螤螒螡螚危,0.0,2020-11-25
62螚螣螣巍螚9-螜围2,contract:f1e8246d80f2,螘螕螝巍螜危螚 螖螒螤螒螡螚危,0.0,2020-12-04
948危螣巍螚9-螜螒桅,contract:91ad04fad336,螞螣螜螤螘危 螒韦螣螠螜螝螘危 螖螜螣螜螝螚韦螜螝螘危 螤巍螒螢螘螜危,0.0,2020-12-09
唯螚螤螔螣巍螚9-螕4螞,contract:43f1ac0b4100,螞螣螜螤螘危 螒韦螣螠螜螝螘危 螖螜螣螜螝螚韦螜螝螘危 螤巍螒螢螘螜危,0.0,2020-12-09
68螤韦螣巍螚9-围07,contract:6456aa6363d4,螘螕螝巍螜危螚 螖螒螤螒螡螚危,0.0,2020-12-16
唯螖巍1螣巍螚9-855,contract:81b66565f31f,螘螕螝巍螜危螚 螖螒螤螒螡螚危,0.0,2020-12-16
唯桅螢螘螣巍螚9-违危2,contract:5a9975737fc1,螘螕螝巍螜危螚 螖螒螤螒螡螚危,0.0,2020-12-16
6唯5螡螣巍螚9-螢螞螝,contract:49460cd4d902,螘螕螝巍螜危螚 螖螒螤螒螡螚危,0.0,2020-12-28
97螤围螣巍螚9-螣0螞,contract:e68c77845f4e,螘螕螝巍螜危螚 螖螒螤螒螡螚危,0.0,2020-12-28
9螖6危螣巍螚9-5螡螤,contract:44dd04638ae8,螘螕螝巍螜危螚 螖螒螤螒螡螚危,0.0,2020-12-28
唯螔螒桅螣巍螚9-螘螒8,contract:690fb2b023c5,螞螣螜螤螘危 螒韦螣螠螜螝螘危 螖螜螣螜螝螚韦螜螝螘危 螤巍螒螢螘螜危,0.0,2020-12-28
9惟螞螒螣巍螚9-围螜6,contract:b76c126ab092,螒螡螒螞螚唯螚 违螤螣围巍螘惟危螚危,0.0,2020-12-30
6围螠8螣巍螚9-螖螠危,contract:6a587f3db7fb,螘螕螝巍螜危螚 螖螒螤螒螡螚危,0.0,2021-01-08
惟螜违螒螣巍螚9-螣螛2,contract:4e44d95c4383,螘螕螝巍螜危螚 螖螒螤螒螡螚危,0.0,2021-01-08
惟螢螔螡螣巍螚9-27螙,contract:c4f13c88fce0,螘螕螝巍螜危螚 螖螒螤螒螡螚危,0.0,2021-01-14
惟韦螚7螣巍螚9-危06,contract:b4799433b4eb,螘螕螝巍螜危螚 螖螒螤螒螡螚危,0.0,2021-01-14
唯巍围螒螣巍螚9-螙螔螣,contract:ea87314086f0,螘螕螝巍螜危螚 螖螒螤螒螡螚危,0.0,2021-01-20
惟螖桅螔螣巍螚9-危螜螠,contract:32ef5a732f9e,螘螕螝巍螜危螚 螖螒螤螒螡螚危,0.0,2021-01-20
惟螕惟螤螣巍螚9-35桅,contract:472f10c6755e,螘螕螝巍螜危螚 螖螒螤螒螡螚危,0.0,2021-01-26
6螒9螒螣巍螚9-螙58,contract:d606ec07792d,螘螕螝巍螜危螚 螖螒螤螒螡螚危,0.0,2021-01-27
69螢螔螣巍螚9-042,contract:d5e3a3a0bc21,螘螕螝巍螜危螚 螖螒螤螒螡螚危,0.0,2021-01-29
惟危螙5螣巍螚9-9唯4,contract:486e915ccd91,螘螕螝巍螜危螚 螖螒螤螒螡螚危,0.0,2021-01-29
94韦唯螣巍螚9-螣螜6,contract:b520ac251392,螘螕螝巍螜危螚 螖螒螤螒螡螚危,0.0,2021-02-11
9螖16螣巍螚9-螙8惟,contract:cc3880201599,螘螕螝巍螜危螚 螖螒螤螒螡螚危,0.0,2021-02-11
9桅螣螛螣巍螚9-唯螝螛,contract:2b8e1c4ac942,螘螕螝巍螜危螚 螖螒螤螒螡螚危,0.0,2021-02-11
惟围螕围螣巍螚9-螚唯韦,contract:d822ba0e0df3,螘螕螝巍螜危螚 螖螒螤螒螡螚危,0.0,2021-02-11
6违螚危螣巍螚9-螜4螔,contract:497592a02e6f,螘螕螝巍螜危螚 螖螒螤螒螡螚危,0.0,2021-02-16
99螖2螣巍螚9-41围,contract:f3b0a1e57cee,螘螕螝巍螜危螚 螖螒螤螒螡螚危,0.0,2021-02-16
唯螢螤8螣巍螚9-75螞,contract:a4988b8c30e5,螘螕螝巍螜危螚 螖螒螤螒螡螚危,0.0,2021-02-16
唯惟惟螞螣巍螚9-螛1惟,contract:52d7176de65e,螘螕螝巍螜危螚 螖螒螤螒螡螚危,0.0,2021-02-16
6螠56螣巍螚9-桅唯1,contract:bdb6f89e5f4e,螘螕螝巍螜危螚 螖螒螤螒螡螚危,0.0,2021-02-22
唯违螛螛螣巍螚9-螝97,contract:14c873244c29,螘螕螝巍螜危螚 螖螒螤螒螡螚危,0.0,2021-02-22
唯围螖韦螣巍螚9-韦4围,contract:a31993857d03,螘螕螝巍螜危螚 螖螒螤螒螡螚危,0.0,2021-02-22
唯惟螞螝螣巍螚9-螙3螢,contract:92cfe44bed99,螘螕螝巍螜危螚 螖螒螤螒螡螚危,0.0,2021-02-22
惟螢螢巍螣巍螚9-危螠螚,contract:01ea792cc77c,螘螕螝巍螜危螚 螖螒螤螒螡螚危,0.0,2021-02-22
6螠4危螣巍螚9-螣螞7,contract:4c7b63be9d92,螘螕螝巍螜危螚 螖螒螤螒螡螚危,0.0,2021-02-26
唯螖螡螚螣巍螚9-惟螢螜,contract:4b6d92799493,螘螕螝巍螜危螚 螖螒螤螒螡螚危,0.0,2021-02-26
惟5违螝螣巍螚9-螤螘7,contract:0ca04d3588dd,螘螕螝巍螜危螚 螖螒螤螒螡螚危,0.0,2021-02-26
唯0螛5螣巍螚9-螠违1,contract:52f08c617027,螘螕螝巍螜危螚 螖螒螤螒螡螚危,0.0,2021-03-01
唯68螔螣巍螚9-5螜3,contract:97d0dea3a8d2,螘螕螝巍螜危螚 螖螒螤螒螡螚危,0.0,2021-03-01
66围6螣巍螚9-桅螠桅,contract:7181aac09a2e,螘螕螝巍螜危螚 螖螒螤螒螡螚危,0.0,2021-03-05
6螣螣惟螣巍螚9-6螡螒,contract:f00397df2e70,螘螕螝巍螜危螚 螖螒螤螒螡螚危,0.0,2021-03-05
唯螖螡围螣巍螚9-螛螝螙,contract:a0b6fbc596de,螘螕螝巍螜危螚 螖螒螤螒螡螚危,0.0,2021-03-05
唯螜围唯螣巍螚9-6螒螝,contract:8bcf96674450,螘螕螝巍螜危螚 螖螒螤螒螡螚危,0.0,2021-03-05
惟围螞螖螣巍螚9-惟唯桅,contract:c9019eed1b1f,螘螕螝巍螜危螚 螖螒螤螒螡螚危,0.0,2021-03-05
唯螢巍2螣巍螚9-5危危,contract:104ca3daaa0e,螘螕螝巍螜危螚 螖螒螤螒螡螚危,0.0,2021-03-28
62危螛螣巍螚9-桅螔螞,contract:3d43859223a7,螘螕螝巍螜危螚 螖螒螤螒螡螚危,0.0,2021-03-29
674螡螣巍螚9-螝围螞,contract:df0ae2ea1bd0,螘螕螝巍螜危螚 螖螒螤螒螡螚危,0.0,2021-04-05
6螙螣3螣巍螚9-螕螖巍,contract:4f90d3719c8c,螘螕螝巍螜危螚 螖螒螤螒螡螚危,0.0,2021-04-05
6螡唯韦螣巍螚9-螣6螔,contract:42212e52b33c,螘螕螝巍螜危螚 螖螒螤螒螡螚危,0.0,2021-04-05
67螝违螣巍螚9-螢巍0,contract:b494e2c9bacf,螘螕螝巍螜危螚 螖螒螤螒螡螚危,0.0,2021-04-06
6违韦惟螣巍螚9-螖惟螢,contract:86e663805297,螘螕螝巍螜危螚 螖螒螤螒螡螚危,0.0,2021-04-12
唯9螛桅螣巍螚9-3螢螤,contract:717e0181d4f7,螘螕螝巍螜危螚 螖螒螤螒螡螚危,0.0,2021-04-12
唯螡螛螚螣巍螚9-违危6,contract:ea6e42d159de,螘螕螝巍螜危螚 螖螒螤螒螡螚危,0.0,2021-04-20
6螣螒1螣巍螚9-螜螒螙,contract:ea5e49b032a1,螘螕螝巍螜危螚 螖螒螤螒螡螚危,0.0,2021-04-26
9危螛螜螣巍螚9-韦唯螒,contract:415983f01241,螘螕螝巍螜危螚 螖螒螤螒螡螚危,0.0,2021-04-26
唯螔2螤螣巍螚9-35韦,contract:ccaf6c127e32,螘螕螝巍螜危螚 螖螒螤螒螡螚危,0.0,2021-04-26
9围围螝螣巍螚9-螤桅螖,contract:f0701b46c8d2,螘螕螝巍螜危螚 螖螒螤螒螡螚危,0.0,2021-05-14
唯螠违违螣巍螚9-危2螜,contract:66f65bd8dba2,螘螕螝巍螜危螚 螖螒螤螒螡螚危,0.0,2021-05-14
唯危螠韦螣巍螚9-1螜螞,contract:3276f8c51457,螘螕螝巍螜危螚 螖螒螤螒螡螚危,0.0,2021-05-14
唯028螣巍螚9-螒桅螞,contract:fac2c45aee81,螘螕螝巍螜危螚 螖螒螤螒螡螚危,0.0,2021-05-20
唯螤1惟螣巍螚9-螢螢4,contract:d26b41f21fe3,螘螕螝巍螜危螚 螖螒螤螒螡螚危,0.0,2021-05-24
6惟螡0螣巍螚9-5危螚,contract:1f602e3c6d37,螘螕螝巍螜危螚 螖螒螤螒螡螚危,0.0,2021-05-28
6螚螢危螣巍螚9-0螕8,contract:41c2ec134c96,螘螕螝巍螜危螚 螖螒螤螒螡螚危,0.0,2021-06-04
6螞螛1螣巍螚9-违螔8,contract:83dc38352560,螘螕螝巍螜危螚 螖螒螤螒螡螚危,0.0,2021-06-04
惟3螤螤螣巍螚9-螡7螡,contract:9d6c5753530b,螘螕螝巍螜危螚 螖螒螤螒螡螚危,0.0,2021-06-04
9螘危螔螣巍螚9-桅28,contract:001f289ac8ff,螘螕螝巍螜危螚 螖螒螤螒螡螚危,0.0,2021-06-11
唯韦螕螕螣巍螚9-违巍唯,contract:f1d4b09981d7,螘螕螝巍螜危螚 螖螒螤螒螡螚危,0.0,2021-06-11
惟螚螜1螣巍螚9-69螠,contract:060d9a44c009,螘螕螝巍螜危螚 螖螒螤螒螡螚危,0.0,2021-06-11
惟螜韦危螣巍螚9-0螢危,contract:f290a20b73eb,螘螕螝巍螜危螚 螖螒螤螒螡螚危,0.0,2021-06-11
9420螣巍螚9-螕螘2,contract:6fcea40740ec,螘螕螝巍螜危螚 螖螒螤螒螡螚危,0.0,2021-07-07
惟围桅螘螣巍螚9-螞螜螚,contract:609901ffb156,螘螕螝巍螜危螚 螖螒螤螒螡螚危,0.0,2021-07-07
69螖惟螣巍螚9-螝3围,contract:40bd536fcb31,螘螕螝巍螜危螚 螖螒螤螒螡螚危,0.0,2021-07-13
6唯围7螣巍螚9-螘螣韦,contract:be7e5c715246,螘螕螝巍螜危螚 螖螒螤螒螡螚危,0.0,2021-07-13
唯螛2危螣巍螚9-螜32,contract:5b5934f790cd,螘螕螝巍螜危螚 螖螒螤螒螡螚危,0.0,2021-07-13
惟8螢螤螣巍螚9-螞螛韦,contract:92cb8e5022ba,螘螕螝巍螜危螚 螖螒螤螒螡螚危,0.0,2021-08-12
661危螣巍螚9-2螞1,contract:21d9d5071c00,螘螕螝巍螜危螚 螖螒螤螒螡螚危,0.0,2021-08-20
唯惟螚螞螣巍螚9-8螠6,contract:5444509207c0,螘螕螝巍螜危螚 螖螒螤螒螡螚危,0.0,2021-08-23
62螤螒螣巍螚9-9唯螞,contract:8055dd9b4495,螘螕螝巍螜危螚 螖螒螤螒螡螚危,0.0,2021-09-06
6违危螒螣巍螚9-1螠螕,contract:d3cfe12d2c97,螘螕螝巍螜危螚 螖螒螤螒螡螚危,0.0,2021-09-06
9螞螞螝螣巍螚9-螚韦螕,contract:56b127f444af,螘螕螝巍螜危螚 螖螒螤螒螡螚危,0.0,2021-09-06
9螢螚螖螣巍螚9-围唯0,contract:85e1565c1e75,螘螕螝巍螜危螚 螖螒螤螒螡螚危,0.0,2021-09-06
唯7违3螣巍螚9-螛螛桅,contract:268082a1e4fd,螘螕螝巍螜危螚 螖螒螤螒螡螚危,0.0,2021-09-06
唯螝螤螒螣巍螚9-巍螠围,contract:9a322dfe274d,螘螕螝巍螜危螚 螖螒螤螒螡螚危,0.0,2021-09-06
惟0螚危螣巍螚9-2韦螤,contract:d18bf93636e7,螞螣螜螤螘危 螒韦螣螠螜螝螘危 螖螜螣螜螝螚韦螜螝螘危 螤巍螒螢螘螜危,0.0,2021-09-06
惟螡桅2螣巍螚9-2螖螣,contract:a26dba21e3bb,螘螕螝巍螜危螚 螖螒螤螒螡螚危,0.0,2021-09-06
惟桅危0螣巍螚9-唯螞9,contract:6be224b0c7e7,螘螕螝巍螜危螚 螖螒螤螒螡螚危,0.0,2021-09-06
惟韦24螣巍螚9-巍65,contract:133c3aac0515,螘螕螝巍螜危螚 螖螒螤螒螡螚危,0.0,2021-09-09
6唯6韦螣巍螚9-违唯螔,contract:067e5600f6fa,螘螕螝巍螜危螚 螖螒螤螒螡螚危,0.0,2021-09-23
903螞螣巍螚9-4螡螘,contract:0f6fa8157d97,螘螕螝巍螜危螚 螖螒螤螒螡螚危,0.0,2021-09-23
唯螞0螞螣巍螚9-螛巍螠,contract:90587201f9f9,螘螕螝巍螜危螚 螖螒螤螒螡螚危,0.0,2021-09-23
惟84螒螣巍螚9-螞桅螝,contract:2985ccfae03a,螘螕螝巍螜危螚 螖螒螤螒螡螚危,0.0,2021-09-23
唯螤螕螣螣巍螚9-2螜7,contract:c34ce76e381d,螘螕螝巍螜危螚 螖螒螤螒螡螚危,0.0,2021-09-24
6螒螤螖螣巍螚9-613,contract:89665897b854,螘螕螝巍螜危螚 螖螒螤螒螡螚危,0.0,2021-10-15
6桅2螘螣巍螚9-65螠,contract:b3cde93362b1,螘螕螝巍螜危螚 螖螒螤螒螡螚危,0.0,2021-10-15
6惟75螣巍螚9-围6螘,contract:f95f88b76a96,螘螕螝巍螜危螚 螖螒螤螒螡螚危,0.0,2021-10-15
605螘螣巍螚9-螡7螞,contract:bbbeac5ac612,螘螕螝巍螜危螚 螖螒螤螒螡螚危,0.0,2021-11-01
61螒7螣巍螚9-螛螡螙,contract:16fb5684e08b,螘螕螝巍螜危螚 螖螒螤螒螡螚危,0.0,2021-11-01
9螝韦8螣巍螚9-螛危螞,contract:5dd70cc28a5d,螘螕螝巍螜危螚 螖螒螤螒螡螚危,0.0,2021-11-11
唯螜螘螚螣巍螚9-35违,contract:edc8c63dfe49,螘螕螝巍螜危螚 螖螒螤螒螡螚危,0.0,2021-11-11
唯巍螣螚螣巍螚9-2巍螜,contract:a80a51c6dd41,螘螕螝巍螜危螚 螖螒螤螒螡螚危,0.0,2021-11-11
6违围桅螣巍螚9-螕螣螚,contract:8068e485a27e,螘螕螝巍螜危螚 螖螒螤螒螡螚危,0.0,2021-11-19
9048螣巍螚9-6螛7,contract:8e7dd79c86e4,螘螕螝巍螜危螚 螖螒螤螒螡螚危,0.0,2021-11-19
9螤螚4螣巍螚9-螢螚违,contract:94cd41784fec,螘螕螝巍螜危螚 螖螒螤螒螡螚危,0.0,2021-11-24
唯6韦6螣巍螚9-螒螢3,contract:26cf7e760064,螘螕螝巍螜危螚 螖螒螤螒螡螚危,0.0,2021-11-24
642桅螣巍螚9-6螖4,contract:e64d2dc64723,螘螕螝巍螜危螚 螖螒螤螒螡螚危,0.0,2021-12-02
6螔螡螢螣巍螚9-螚螖2,contract:73740ee4cd97,螘螕螝巍螜危螚 螖螒螤螒螡螚危,0.0,2021-12-02
9螔螛4螣巍螚9-螞桅韦,contract:1e1a22055aff,螘螕螝巍螜危螚 螖螒螤螒螡螚危,0.0,2021-12-02
唯螔螛螛螣巍螚9-8螒7,contract:d7dd65566920,螘螕螝巍螜危螚 螖螒螤螒螡螚危,0.0,2021-12-02
唯螢5唯螣巍螚9-8危违,contract:40986b6f4fe9,螞螣螜螤螘危 螒韦螣螠螜螝螘危 螖螜螣螜螝螚韦螜螝螘危 螤巍螒螢螘螜危,0.0,2021-12-14
唯螒螖6螣巍螚9-螚螢6,contract:5a1076b2cba7,螘螕螝巍螜危螚 螖螒螤螒螡螚危,0.0,2021-12-16
6惟22螣巍螚9-螣螡危,contract:645bd6302a05,螘螕螝巍螜危螚 螖螒螤螒螡螚危,0.0,2021-12-21
9螚6巍螣巍螚9-3螜巍,contract:7e1bea1929e1,螘螕螝巍螜危螚 螖螒螤螒螡螚危,0.0,2021-12-21
63围唯螣巍螚9-99螝,contract:33d3bd5c20bc,螞螣螜螤螘危 螒韦螣螠螜螝螘危 螖螜螣螜螝螚韦螜螝螘危 螤巍螒螢螘螜危,0.0,2021-12-29
96违围螣巍螚9-韦危螕,contract:62adb398f444,螘螕螝巍螜危螚 螖螒螤螒螡螚危,0.0,2021-12-29
9唯4螡螣巍螚9-螕螖桅,contract:10af7a88baa8,螘螕螝巍螜危螚 螖螒螤螒螡螚危,0.0,2021-12-29
6螡螙螢螣巍螚9-螝唯8,contract:557cff11fc1b,螘螕螝巍螜危螚 螖螒螤螒螡螚危,0.0,2022-01-19
6螤螠围螣巍螚9-螞唯螖,contract:6fbd0aa22331,螘螕螝巍螜危螚 螖螒螤螒螡螚危,0.0,2022-01-19
91螕危螣巍螚9-1违惟,contract:9edd4e28c227,螘螕螝巍螜危螚 螖螒螤螒螡螚危,0.0,2022-01-19
9桅16螣巍螚9-螚螣围,contract:bb00e8d6e5ef,螘螕螝巍螜危螚 螖螒螤螒螡螚危,0.0,2022-01-19
巍螣螖螚螣巍螚9-螘螖2,contract:24a4358e401a,螘螕螝巍螜危螚 螖螒螤螒螡螚危,0.0,2022-01-19
唯螕螚危螣巍螚9-螚2螠,contract:87a44824efec,螘螕螝巍螜危螚 螖螒螤螒螡螚危,0.0,2022-01-19
惟8螡螣螣巍螚9-唯3螚,contract:c2b0562bebbd,螘螕螝巍螜危螚 螖螒螤螒螡螚危,0.0,2022-01-19
惟韦巍唯螣巍螚9-螖0螒,contract:3c6d63cd29e9,螘螕螝巍螜危螚 螖螒螤螒螡螚危,0.0,2022-01-19
惟违5韦螣巍螚9-螕螡螣,contract:0e4952746046,螘螕螝巍螜危螚 螖螒螤螒螡螚危,0.0,2022-01-19
惟围韦螚螣巍螚9-37围,contract:8e7191805cf3,螘螕螝巍螜危螚 螖螒螤螒螡螚危,0.0,2022-01-19
唯螞5螚螣巍螚9-螞9唯,contract:75adf368863e,螘螕螝巍螜危螚 螖螒螤螒螡螚危,0.0,2022-01-21
60螜7螣巍螚9-螡韦韦,contract:523b7b9f7f69,螘螕螝巍螜危螚 螖螒螤螒螡螚危,0.0,2022-01-27
62违螝螣巍螚9-4螣螖,contract:7dee670974d8,螘螕螝巍螜危螚 螖螒螤螒螡螚危,0.0,2022-01-27
90螙韦螣巍螚9-3螣违,contract:986e734a74a2,螘螕螝巍螜危螚 螖螒螤螒螡螚危,0.0,2022-01-27
9螤螣巍螣巍螚9-螘螒违,contract:5c03d4f6ef96,螘螕螝巍螜危螚 螖螒螤螒螡螚危,0.0,2022-01-27
唯6螡螠螣巍螚9-16螠,contract:f9517abeac22,螘螕螝巍螜危螚 螖螒螤螒螡螚危,0.0,2022-01-27
唯螔螞桅螣巍螚9-唯螘4,contract:7aa16d467af5,螘螕螝巍螜危螚 螖螒螤螒螡螚危,0.0,2022-01-27
惟2螝8螣巍螚9-螠螢螠,contract:547eb505a1ac,螘螕螝巍螜危螚 螖螒螤螒螡螚危,0.0,2022-01-27
61韦螝螣巍螚9-951,contract:3ec33727fd0c,螘螕螝巍螜危螚 螖螒螤螒螡螚危,0.0,2022-01-28
6螛巍韦螣巍螚9-螢螞3,contract:fcab1f34d4e7,螘螕螝巍螜危螚 螖螒螤螒螡螚危,0.0,2022-02-02
97螠螢螣巍螚9-螣螕螛,contract:b2d0fb10e87c,螘螕螝巍螜危螚 螖螒螤螒螡螚危,0.0,2022-02-02
唯螠危螢螣巍螚9-9螔螢,contract:900bdc7f5ccb,螘螕螝巍螜危螚 螖螒螤螒螡螚危,0.0,2022-02-02
63惟螢螣巍螚9-螞惟螘,contract:fb9fdc75296f,螘螕螝巍螜危螚 螖螒螤螒螡螚危,0.0,2022-02-08
91桅围螣巍螚9-56螒,contract:8db5325c232a,螞螣螜螤螘危 螒韦螣螠螜螝螘危 螖螜螣螜螝螚韦螜螝螘危 螤巍螒螢螘螜危,0.0,2022-02-08
6螝螣螚螣巍螚9-8巍螕,contract:4befb1fa4117,螘螕螝巍螜危螚 螖螒螤螒螡螚危,0.0,2022-02-10
6唯违螝螣巍螚9-巍螣螘,contract:b7a81677e0f3,螘螕螝巍螜危螚 螖螒螤螒螡螚危,0.0,2022-02-10
9巍螙违螣巍螚9-8螣螒,contract:77088fd81356,螘螕螝巍螜危螚 螖螒螤螒螡螚危,0.0,2022-02-10
唯0惟2螣巍螚9-巍0螕,contract:6b5508108ff8,螘螕螝巍螜危螚 螖螒螤螒螡螚危,0.0,2022-02-10
6桅7螠螣巍螚9-8螕2,contract:5f71c7f1d5bf,螘螕螝巍螜危螚 螖螒螤螒螡螚危,0.0,2022-02-28
惟螠围6螣巍螚9-2螕桅,contract:316baa74ed90,螘螕螝巍螜危螚 螖螒螤螒螡螚危,0.0,2022-02-28
91螤1螣巍螚9-桅螝1,contract:2310f85fa6bb,螒螡螒螛螘危螚 螘巍螕惟螡 / 螤巍螣螠螚螛螘螜惟螡 / 违螤螚巍螘危螜惟螡 / 螠螘螞螘韦惟螡,0.0,1647475200000
64螜7螣巍螚9-韦桅螣,contract:01f1baf3dacb,螘螕螝巍螜危螚 螖螒螤螒螡螚危,0.0,2022-03-03
6惟03螣巍螚9-0巍螞,contract:7f19f84fcf4e,螘螕螝巍螜危螚 螖螒螤螒螡螚危,0.0,2022-03-17
9螜6巍螣巍螚9-螞螣1,contract:658303b97a44,螘螕螝巍螜危螚 螖螒螤螒螡螚危,0.0,2022-03-17
9违螒螞螣巍螚9-4桅桅,contract:01d921524c29,螘螕螝巍螜危螚 螖螒螤螒螡螚危,0.0,2022-03-17
9唯螚螕螣巍螚9-螡螣惟,contract:0c3d87c2da31,螘螕螝巍螜危螚 螖螒螤螒螡螚危,0.0,2022-03-17
巍49螠螣巍螚9-韦螠危,contract:508d03f29397,螘螕螝巍螜危螚 螖螒螤螒螡螚危,0.0,2022-03-17
惟5螤9螣巍螚9-螢6唯,contract:f1f5b66c745b,螘螕螝巍螜危螚 螖螒螤螒螡螚危,0.0,2022-03-17
9螝危9螣巍螚9-螜螛螝,contract:91d6056b159e,螘螕螝巍螜危螚 螖螒螤螒螡螚危,0.0,2022-03-22
680螘螣巍螚9-8螝螚,contract:235376ad6d18,螘螕螝巍螜危螚 螖螒螤螒螡螚危,0.0,2022-04-14
6韦螞螚螣巍螚9-螘桅螘,contract:dcfe03c72593,螘螕螝巍螜危螚 螖螒螤螒螡螚危,0.0,2022-04-14
9韦1韦螣巍螚9-8螢唯,contract:64904e5fc19d,螘螕螝巍螜危螚 螖螒螤螒螡螚危,0.0,2022-04-14
唯750螣巍螚9-螕围7,contract:bd10c0786a18,螘螕螝巍螜危螚 螖螒螤螒螡螚危,0.0,2022-04-14
唯螝螜3螣巍螚9-螜0螛,contract:d5791609a884,螘螕螝巍螜危螚 螖螒螤螒螡螚危,0.0,2022-04-14
唯韦螘螡螣巍螚9-螢34,contract:5d399643903b,螘螕螝巍螜危螚 螖螒螤螒螡螚危,0.0,2022-04-14
惟8螖4螣巍螚9-螛螣螡,contract:9c6abfd67e88,螘螕螝巍螜危螚 螖螒螤螒螡螚危,0.0,2022-04-14
6螔围螜螣巍螚9-螢螞7,contract:cebdc2a48b59,螘螕螝巍螜危螚 螖螒螤螒螡螚危,0.0,2022-04-20
6螜螤螡螣巍螚9-6唯惟,contract:fb1c794d232c,螘螕螝巍螜危螚 螖螒螤螒螡螚危,0.0,2022-04-20
巍4巍围螣巍螚9-39螛,contract:8816e8ba5240,螘螕螝巍螜危螚 螖螒螤螒螡螚危,0.0,2022-04-20
65唯螕螣巍螚9-螡5螒,contract:e3ce958cbb4b,螘螕螝巍螜危螚 螖螒螤螒螡螚危,0.0,2022-05-19
6围2围螣巍螚9-螘危螠,contract:69caeb0ab47f,螘螕螝巍螜危螚 螖螒螤螒螡螚危,0.0,2022-05-19
9违巍7螣巍螚9-螖围螔,contract:bd57f4a69554,螞螣螜螤螘危 螒韦螣螠螜螝螘危 螖螜螣螜螝螚韦螜螝螘危 螤巍螒螢螘螜危,0.0,2022-05-19
唯巍桅巍螣巍螚9-螕螣螞,contract:249a5e32f838,螘螕螝巍螜危螚 螖螒螤螒螡螚危,0.0,2022-05-19
唯危螝危螣巍螚9-42螔,contract:f7959d100ec8,螘螕螝巍螜危螚 螖螒螤螒螡螚危,0.0,2022-05-19
惟5螜螛螣巍螚9-螚9螛,contract:9cee30deb917,螘螕螝巍螜危螚 螖螒螤螒螡螚危,0.0,2022-05-19
61唯螝螣巍螚9-惟2螚,contract:319d4cd906ba,螘螕螝巍螜危螚 螖螒螤螒螡螚危,0.0,2022-06-16
9螞违惟螣巍螚9-螔螛0,contract:bc24aa1f805e,螘螕螝巍螜危螚 螖螒螤螒螡螚危,0.0,2022-06-16
唯巍危螝螣巍螚9-螡3螘,contract:4963c8e40704,螘螕螝巍螜危螚 螖螒螤螒螡螚危,0.0,2022-06-16
99惟螙螣巍螚9-韦螡螝,contract:88544fa39bd1,螘螕螝巍螜危螚 螖螒螤螒螡螚危,0.0,2022-06-24
巍3螒螙螣巍螚9-螘螜危,contract:682ff901aeea,螘螕螝巍螜危螚 螖螒螤螒螡螚危,0.0,2022-06-29
唯5螙螔螣巍螚9-螘螚韦,contract:8641282bf2e7,螘螕螝巍螜危螚 螖螒螤螒螡螚危,0.0,2022-06-29
9桅0违螣巍螚9-螛螖0,contract:27f8b663cab7,螘螕螝巍螜危螚 螖螒螤螒螡螚危,0.0,2022-07-07
唯4违8螣巍螚9-唯3螚,contract:b035864a998d,螘螕螝巍螜危螚 螖螒螤螒螡螚危,0.0,2022-07-13
惟560螣巍螚9-24螚,contract:3f193a692956,螘螕螝巍螜危螚 螖螒螤螒螡螚危,0.0,2022-07-13
惟韦螕螘螣巍螚9-3螠螒,contract:25f5ae37e6e3,螘螕螝巍螜危螚 螖螒螤螒螡螚危,0.0,2022-07-13
9巍螛1螣巍螚9-螒螘螤,contract:de15cbeb0c15,螘螕螝巍螜危螚 螖螒螤螒螡螚危,0.0,2022-08-03
唯9螕唯螣巍螚9-93螒,contract:696f1211836d,螘螕螝巍螜危螚 螖螒螤螒螡螚危,0.0,2022-08-03
唯螤螛2螣巍螚9-螝1韦,contract:9c39fc7fed2c,螘螕螝巍螜危螚 螖螒螤螒螡螚危,0.0,2022-08-03
惟螡3螔螣巍螚9-巍螕9,contract:4cae26ce02c1,螞螣螜螤螘危 螒韦螣螠螜螝螘危 螖螜螣螜螝螚韦螜螝螘危 螤巍螒螢螘螜危,0.0,2022-08-13
唯螚1违螣巍螚9-9巍螛,contract:e0a8b4ede2aa,螘螕螝巍螜危螚 螖螒螤螒螡螚危,0.0,2022-08-26
64螢1螣巍螚9-51惟,contract:1e300da20582,螘螕螝巍螜危螚 螖螒螤螒螡螚危,0.0,2022-09-01
6围巍螜螣巍螚9-352,contract:71ec54e3fd5d,螘螕螝巍螜危螚 螖螒螤螒螡螚危,0.0,2022-09-01
巍03螡螣巍螚9-螚57,contract:d5fc0d486bab,螘螕螝巍螜危螚 螖螒螤螒螡螚危,0.0,2022-09-01
巍螢3螜螣巍螚9-韦6螖,contract:e04386da8151,螘螕螝巍螜危螚 螖螒螤螒螡螚危,0.0,2022-09-01
唯966螣巍螚9-236,contract:d30f1ea51a64,螘螕螝巍螜危螚 螖螒螤螒螡螚危,0.0,2022-09-01
唯螖08螣巍螚9-螢螣3,contract:167b8cf121cf,螘螕螝巍螜危螚 螖螒螤螒螡螚危,0.0,2022-09-01
唯螣围围螣巍螚9-螝螚螕,contract:5e26f299b51c,螘螕螝巍螜危螚 螖螒螤螒螡螚危,0.0,2022-09-01
惟5螜巍螣巍螚9-05螚,contract:52f653eee6a4,螘螕螝巍螜危螚 螖螒螤螒螡螚危,0.0,2022-09-01
唯惟94螣巍螚9-2螒7,contract:8608d351f680,螘螕螝巍螜危螚 螖螒螤螒螡螚危,0.0,2022-09-08
6螕13螣巍螚9-螝惟9,contract:516dbc1b3443,螘螕螝巍螜危螚 螖螒螤螒螡螚危,0.0,2022-09-20
巍螝螙螜螣巍螚9-惟4螕,contract:9a5fe1161349,螘螕螝巍螜危螚 螖螒螤螒螡螚危,0.0,2022-09-20
唯惟螡5螣巍螚9-螚韦桅,contract:2e74a9383691,螘螕螝巍螜危螚 螖螒螤螒螡螚危,0.0,2022-09-20
惟8韦9螣巍螚9-惟违螣,contract:ce5ced696129,螘螕螝巍螜危螚 螖螒螤螒螡螚危,0.0,2022-09-20
9螕螣巍螣巍螚9-螕螞9,contract:2405bc1ec4e0,螘螕螝巍螜危螚 螖螒螤螒螡螚危,0.0,2022-09-29
6螣围1螣巍螚9-桅螛9,contract:d43dd2673fbb,螘螕螝巍螜危螚 螖螒螤螒螡螚危,0.0,2022-10-11
巍67螛螣巍螚9-1螛螔,contract:dc267b80ad7b,螘螕螝巍螜危螚 螖螒螤螒螡螚危,0.0,2022-10-11
唯489螣巍螚9-危螖螞,contract:41b685242283,螘螕螝巍螜危螚 螖螒螤螒螡螚危,0.0,2022-10-12
6惟危违螣巍螚9-螝螔7,contract:2b4d58598942,螘螕螝巍螜危螚 螖螒螤螒螡螚危,0.0,2022-10-27
664螞螣巍螚9-9螠螣,contract:5739d51d9486,螘螕螝巍螜危螚 螖螒螤螒螡螚危,0.0,2022-11-10
6螝9螒螣巍螚9-5螛螞,contract:1f3697dddfe2,螘螕螝巍螜危螚 螖螒螤螒螡螚危,0.0,2022-11-10
6螡9螙螣巍螚9-螢25,contract:fd0ae1e43c83,螘螕螝巍螜危螚 螖螒螤螒螡螚危,0.0,2022-11-10
9螣96螣巍螚9-5螚螢,contract:bbc402cefdf1,螘螕螝巍螜危螚 螖螒螤螒螡螚危,0.0,2022-11-16
6危唯螞螣巍螚9-螒1巍,contract:c11ab2f0d15d,螘螕螝巍螜危螚 螖螒螤螒螡螚危,0.0,2022-11-21
巍螔螘螤螣巍螚9-韦2螛,contract:de4099663703,螘螕螝巍螜危螚 螖螒螤螒螡螚危,0.0,2022-11-22
6螕螕螝螣巍螚9-惟2螝,contract:1d634e1d7696,螘螕螝巍螜危螚 螖螒螤螒螡螚危,0.0,2022-11-25
唯7围7螣巍螚9-49桅,contract:8550ab0aea9f,螘螕螝巍螜危螚 螖螒螤螒螡螚危,0.0,2022-11-25
惟螙螒4螣巍螚9-螚螒巍,contract:b9a22f352a47,螘螕螝巍螜危螚 螖螒螤螒螡螚危,0.0,2022-11-25
91螜螖螣巍螚9-唯螜9,contract:fabfe7c89246,螘螕螝巍螜危螚 螖螒螤螒螡螚危,0.0,2022-12-05
巍4螞螔螣巍螚9-螘唯螕,contract:32f6ff289171,螘螕螝巍螜危螚 螖螒螤螒螡螚危,0.0,2022-12-05
唯9螠螕螣巍螚9-螚9螠,contract:0edc8aab01e9,螘螕螝巍螜危螚 螖螒螤螒螡螚危,0.0,2022-12-05
9螣螣螡螣巍螚9-93螒,contract:9503c5ea4960,螘螕螝巍螜危螚 螖螒螤螒螡螚危,0.0,2022-12-07
6韦螡螚螣巍螚9-8螞螘,contract:dd2f49012b2f,螘螕螝巍螜危螚 螖螒螤螒螡螚危,0.0,2022-12-21
91螣4螣巍螚9-螛6螠,contract:f37a06f8e943,螘螕螝巍螜危螚 螖螒螤螒螡螚危,0.0,2022-12-21
唯9螔螛螣巍螚9-螢螒惟,contract:c9c7e060e504,螘螕螝巍螜危螚 螖螒螤螒螡螚危,0.0,2022-12-21
6螖12螣巍螚9-唯违螔,contract:cfd0485e60fd,螘螕螝巍螜危螚 螖螒螤螒螡螚危,0.0,2022-12-22
9桅韦螤螣巍螚9-螤巍危,contract:3ed5b5ed6b66,螘螕螝巍螜危螚 螖螒螤螒螡螚危,0.0,2022-12-22
6螝螝螞螣巍螚9-7螠违,contract:a23bdb5ffdf3,螘螕螝巍螜危螚 螖螒螤螒螡螚危,0.0,2023-01-05
9螜螢7螣巍螚9-65螤,contract:2ec5b2c17ac7,螘螕螝巍螜危螚 螖螒螤螒螡螚危,0.0,2023-01-05
唯1螞7螣巍螚9-螖违9,contract:5a849ea104ec,螘螕螝巍螜危螚 螖螒螤螒螡螚危,0.0,2023-01-05
惟8螛3螣巍螚9-螜螢螡,contract:88fc5acb8dd2,螘螕螝巍螜危螚 螖螒螤螒螡螚危,0.0,2023-01-05
9螙61螣巍螚9-14巍,contract:9111e0a6f854,螘螕螝巍螜危螚 螖螒螤螒螡螚危,0.0,2023-01-21
6违唯螣螣巍螚9-螠螣螙,contract:cfb213c86ac0,螘螕螝巍螜危螚 螖螒螤螒螡螚危,0.0,2023-01-23
9惟1韦螣巍螚9-8螠0,contract:ff91e5fbff2d,螘螕螝巍螜危螚 螖螒螤螒螡螚危,0.0,2023-01-23
66巍螘螣巍螚9-9螘螒,contract:5af89b2c7cb2,螘螕螝巍螜危螚 螖螒螤螒螡螚危,0.0,2023-01-25
67韦螕螣巍螚9-螒螖螔,contract:7eafa87a89c6,螘螕螝巍螜危螚 螖螒螤螒螡螚危,0.0,2023-01-25
6螘螡桅螣巍螚9-桅违6,contract:bc2426f382fe,螘螕螝巍螜危螚 螖螒螤螒螡螚危,0.0,2023-01-25
6螤螠惟螣巍螚9-螖0螣,contract:ee02e0d8d7c7,螘螕螝巍螜危螚 螖螒螤螒螡螚危,0.0,2023-01-25
6危螣惟螣巍螚9-螠螘0,contract:1c7c1819dce4,螘螕螝巍螜危螚 螖螒螤螒螡螚危,0.0,2023-01-25
93螛螛螣巍螚9-5螝螞,contract:d8a5c739377e,螘螕螝巍螜危螚 螖螒螤螒螡螚危,0.0,2023-01-25
9唯螘螙螣巍螚9-59违,contract:0caf55116524,螘螕螝巍螜危螚 螖螒螤螒螡螚危,0.0,2023-01-25
9惟螕8螣巍螚9-惟螞0,contract:ad23dd14aca5,螘螕螝巍螜危螚 螖螒螤螒螡螚危,0.0,2023-01-25
唯089螣巍螚9-33螤,contract:b88b18f117e2,螘螕螝巍螜危螚 螖螒螤螒螡螚危,0.0,2023-01-25
唯704螣巍螚9-违螚1,contract:a7e1c6f7be20,螘螕螝巍螜危螚 螖螒螤螒螡螚危,0.0,2023-01-25
惟螠1螡螣巍螚9-螡螡螙,contract:71e7a61f3db3,螘螕螝巍螜危螚 螖螒螤螒螡螚危,0.0,2023-01-25
唯1围0螣巍螚9-螕危6,contract:b957b2b59e9c,螘螕螝巍螜危螚 螖螒螤螒螡螚危,0.0,2023-02-01
645桅螣巍螚9-螛螣违,contract:ca66f7d21cee,螘螕螝巍螜危螚 螖螒螤螒螡螚危,0.0,2023-02-02
6危螤9螣巍螚9-螚75,contract:466b46222952,螘螕螝巍螜危螚 螖螒螤螒螡螚危,0.0,2023-02-02
巍6螡韦螣巍螚9-螖惟螠,contract:7ef600e939bb,螘螕螝巍螜危螚 螖螒螤螒螡螚危,0.0,2023-02-02
巍螚危桅螣巍螚9-34韦,contract:6ca167f2c654,螘螕螝巍螜危螚 螖螒螤螒螡螚危,0.0,2023-02-02
唯6螕韦螣巍螚9-螙巍唯,contract:677f2c2d3aaf,螘螕螝巍螜危螚 螖螒螤螒螡螚危,0.0,2023-02-02
唯螛11螣巍螚9-8螡螙,contract:0947798fbc8b,螘螕螝巍螜危螚 螖螒螤螒螡螚危,0.0,2023-02-02
唯螛76螣巍螚9-5螒3,contract:2b75832541d2,螘螕螝巍螜危螚 螖螒螤螒螡螚危,0.0,2023-02-02
唯围螕8螣巍螚9-螛螒危,contract:a34b1f731e72,螘螕螝巍螜危螚 螖螒螤螒螡螚危,0.0,2023-02-02
6螣螡7螣巍螚9-螡危韦,contract:b091426d614e,螘螕螝巍螜危螚 螖螒螤螒螡螚危,0.0,2023-02-03
9螕螛8螣巍螚9-围0桅,contract:fc5eca3f46c2,螘螕螝巍螜危螚 螖螒螤螒螡螚危,0.0,2023-02-14
唯1螢螜螣巍螚9-巍51,contract:4fb14153d12c,螘螕螝巍螜危螚 螖螒螤螒螡螚危,0.0,2023-02-23
唯螘螣螠螣巍螚9-韦螒围,contract:e12e80df867d,螘螕螝巍螜危螚 螖螒螤螒螡螚危,0.0,2023-02-23
唯螠31螣巍螚9-惟螕螖,contract:33657b25fe4e,螘螕螝巍螜危螚 螖螒螤螒螡螚危,0.0,2023-02-23
6螝螛螕螣巍螚9-韦桅韦,contract:ae5c8f1d7001,螘螕螝巍螜危螚 螖螒螤螒螡螚危,0.0,2023-03-15
6螣8危螣巍螚9-85螒,contract:2709f9bc2a94,螘螕螝巍螜危螚 螖螒螤螒螡螚危,0.0,2023-03-15
6违螒0螣巍螚9-螝螘9,contract:86ae602543b3,螘螕螝巍螜危螚 螖螒螤螒螡螚危,0.0,2023-03-15
9违螝螣螣巍螚9-螤惟围,contract:4b76ceec05b5,螘螕螝巍螜危螚 螖螒螤螒螡螚危,0.0,2023-03-15
唯361螣巍螚9-螜7韦,contract:467952128704,螘螕螝巍螜危螚 螖螒螤螒螡螚危,0.0,2023-03-15
唯68巍螣巍螚9-违6螣,contract:534eb1425a42,螘螕螝巍螜危螚 螖螒螤螒螡螚危,0.0,2023-03-15
60违7螣巍螚9-韦38,contract:7cb7eae6d2bd,螘螕螝巍螜危螚 螖螒螤螒螡螚危,0.0,2023-04-06
唯1螒螒螣巍螚9-螕螖韦,contract:420758873b35,螘螕螝巍螜危螚 螖螒螤螒螡螚危,0.0,2023-04-06
唯螕螠巍螣巍螚9-螜螚0,contract:af54634da292,螘螕螝巍螜危螚 螖螒螤螒螡螚危,0.0,2023-04-06
60螤螠螣巍螚9-螤95,contract:15d8ce368bbf,螞螣螜螤螘危 螒韦螣螠螜螝螘危 螖螜螣螜螝螚韦螜螝螘危 螤巍螒螢螘螜危,0.0,2023-05-24
6螝螠7螣巍螚9-螚5螜,contract:93f64b2482c1,螘螕螝巍螜危螚 螖螒螤螒螡螚危,0.0,2023-06-01
巍螕惟螢螣巍螚9-螖螢2,contract:375502ac933e,螘螕螝巍螜危螚 螖螒螤螒螡螚危,0.0,2023-06-01
唯螞76螣巍螚9-1螜0,contract:53f2ee4d62e6,螘螕螝巍螜危螚 螖螒螤螒螡螚危,0.0,2023-06-01
唯螣巍2螣巍螚9-惟围巍,contract:345e8530f5ee,螘螕螝巍螜危螚 螖螒螤螒螡螚危,0.0,2023-06-01
巍7螛7螣巍螚9-螢螡韦,contract:bfce6d1356f2,螘螕螝巍螜危螚 螖螒螤螒螡螚危,0.0,2023-06-19
唯4螞5螣巍螚9-螖螠螜,contract:f602b0d3ff27,螘螕螝巍螜危螚 螖螒螤螒螡螚危,0.0,2023-07-18
6螒惟螕螣巍螚9-9螚螘,contract:9ac5cbbbe97f,螘螕螝巍螜危螚 螖螒螤螒螡螚危,0.0,2023-07-24
9韦违违螣巍螚9-违螒螞,contract:78cf26616538,螘螕螝巍螜危螚 螖螒螤螒螡螚危,0.0,2023-07-24
9惟螝螔螣巍螚9-螢0违,contract:8fef172c8ad8,螘螕螝巍螜危螚 螖螒螤螒螡螚危,0.0,2023-07-24
巍螤巍惟螣巍螚9-螣唯螣,contract:32592b046ce7,螘螕螝巍螜危螚 螖螒螤螒螡螚危,0.0,2023-07-24
唯1螖螤螣巍螚9-3螕9,contract:438943d308e9,螘螕螝巍螜危螚 螖螒螤螒螡螚危,0.0,2023-07-24
唯螤桅3螣巍螚9-螒5螚,contract:c491e69a9e07,螘螕螝巍螜危螚 螖螒螤螒螡螚危,0.0,2023-07-24
惟围螙螠螣巍螚9-螞螣违,contract:4e6f36149fee,螘螕螝巍螜危螚 螖螒螤螒螡螚危,0.0,2023-07-24
唯危2螜螣巍螚9-4螒螖,contract:c684a991c4b1,螘螕螝巍螜危螚 螖螒螤螒螡螚危,0.0,2023-07-28
唯螣螚螝螣巍螚9-7螒螜,contract:96cc8f427706,螘螕螝巍螜危螚 螖螒螤螒螡螚危,0.0,2023-08-02
6螞螚螜螣巍螚9-韦螚3,contract:ec09a1772776,螘螕螝巍螜危螚 螖螒螤螒螡螚危,0.0,2023-09-05
99螖螠螣巍螚9-螜桅违,contract:0e8a1d8faa2b,螘螕螝巍螜危螚 螖螒螤螒螡螚危,0.0,2023-09-05
9螠违3螣巍螚9-螔螜8,contract:e701beb71273,螘螕螝巍螜危螚 螖螒螤螒螡螚危,0.0,2023-09-05
9螣螣1螣巍螚9-螙螜5,contract:3649069e1495,螘螕螝巍螜危螚 螖螒螤螒螡螚危,0.0,2023-09-05
9围螢3螣巍螚9-24螜,contract:9b8bed6859e9,螘螕螝巍螜危螚 螖螒螤螒螡螚危,0.0,2023-09-05
唯螚韦螕螣巍螚9-螘螒巍,contract:91f75555ef1c,螘螕螝巍螜危螚 螖螒螤螒螡螚危,0.0,2023-09-05
唯螛螖螖螣巍螚9-螝螕螚,contract:2a634911e77f,螘螕螝巍螜危螚 螖螒螤螒螡螚危,0.0,2023-09-05
唯螝螞螕螣巍螚9-螔6螝,contract:fe34595e1f82,螘螕螝巍螜危螚 螖螒螤螒螡螚危,0.0,2023-09-07
6螞唯3螣巍螚9-1螠螙,contract:0f291b3bc977,螘螕螝巍螜危螚 螖螒螤螒螡螚危,0.0,2023-09-08
9韦桅螛螣巍螚9-违危围,contract:6ceb274b3841,螞螣螜螤螘危 螒韦螣螠螜螝螘危 螖螜螣螜螝螚韦螜螝螘危 螤巍螒螢螘螜危,0.0,2023-09-11
6螜7螕螣巍螚9-桅0螡,contract:028b98248790,螘螕螝巍螜危螚 螖螒螤螒螡螚危,0.0,2023-09-18
98螝螝螣巍螚9-螞螞螒,contract:be93062f549e,螘螕螝巍螜危螚 螖螒螤螒螡螚危,0.0,2023-09-18
9螒螒2螣巍螚9-桅危0,contract:28aa537186cc,螘螕螝巍螜危螚 螖螒螤螒螡螚危,0.0,2023-09-18
9韦螒8螣巍螚9-螠围5,contract:6b4bc1588bf7,螘螕螝巍螜危螚 螖螒螤螒螡螚危,0.0,2023-09-18
唯违螒6螣巍螚9-螒巍螙,contract:81c4e629ecf1,螘螕螝巍螜危螚 螖螒螤螒螡螚危,0.0,2023-09-19
6螞螚螢螣巍螚9-5螞螡,contract:28de93bc7968,螘螕螝巍螜危螚 螖螒螤螒螡螚危,0.0,2023-10-16
94桅围螣巍螚9-韦螔螕,contract:a3a6d8e93410,螘螕螝巍螜危螚 螖螒螤螒螡螚危,0.0,2023-10-16
巍4螖螕螣巍螚9-30韦,contract:9507298f737b,螘螕螝巍螜危螚 螖螒螤螒螡螚危,0.0,2023-10-16
唯螡20螣巍螚9-螚螛螝,contract:a8fd7ad551c9,螘螕螝巍螜危螚 螖螒螤螒螡螚危,0.0,2023-10-16
巍螡3螠螣巍螚9-螘螒8,contract:9a259dd70213,螘螕螝巍螜危螚 螖螒螤螒螡螚危,0.0,2023-10-18
91螛螝螣巍螚9-3危3,contract:61cd81b3aa17,螘螕螝巍螜危螚 螖螒螤螒螡螚危,0.0,2023-10-20
9螠螤螢螣巍螚9-螤螞螣,contract:09bd0a8123eb,螘螕螝巍螜危螚 螖螒螤螒螡螚危,0.0,2023-10-20
6螞螚螖螣巍螚9-螔螠惟,contract:a1fd87dee60a,螘螕螝巍螜危螚 螖螒螤螒螡螚危,0.0,2023-11-03
659螜螣巍螚9-6螔螞,contract:520a95ddf5e9,螘螕螝巍螜危螚 螖螒螤螒螡螚危,0.0,2023-11-14
6螖螜1螣巍螚9-螝54,contract:084b1dbea903,螘螕螝巍螜危螚 螖螒螤螒螡螚危,0.0,2023-11-14
唯1唯螔螣巍螚9-4螣1,contract:6139e8a0041d,螘螕螝巍螜危螚 螖螒螤螒螡螚危,0.0,2023-11-14
6巍螣螔螣巍螚9-巍96,contract:34b168af502d,螘螕螝巍螜危螚 螖螒螤螒螡螚危,0.0,2023-11-15
唯螕螠7螣巍螚9-螣0违,contract:572416c730a1,螘螕螝巍螜危螚 螖螒螤螒螡螚危,0.0,2023-11-16
6螚9桅螣巍螚9-螝螠螖,contract:230d0788da47,螘螕螝巍螜危螚 螖螒螤螒螡螚危,0.0,2023-11-24
唯螒螙6螣巍螚9-螝螕危,contract:fbffc70f05de,螘螕螝巍螜危螚 螖螒螤螒螡螚危,0.0,2023-11-24
唯4唯螣螣巍螚9-螔螢螖,contract:f107a030cc80,螘螕螝巍螜危螚 螖螒螤螒螡螚危,0.0,2023-12-11
6螛9围螣巍螚9-螡巍违,contract:b5c54c9e1f02,螘螕螝巍螜危螚 螖螒螤螒螡螚危,0.0,2023-12-19
唯0螤螝螣巍螚9-2巍螚,contract:71587ce2a97f,螘螕螝巍螜危螚 螖螒螤螒螡螚危,0.0,2023-12-19
唯危5螔螣巍螚9-违螜0,contract:14e6421c023a,螘螕螝巍螜危螚 螖螒螤螒螡螚危,0.0,2023-12-19
唯围10螣巍螚9-22惟,contract:0faa2510f370,螘螕螝巍螜危螚 螖螒螤螒螡螚危,0.0,2023-12-19
98螘违螣巍螚9-螠危2,contract:3767b82b291b,螘螕螝巍螜危螚 螖螒螤螒螡螚危,0.0,2023-12-22
6危螡螕螣巍螚9-螖螖韦,contract:fa645114fee2,螘螕螝巍螜危螚 螖螒螤螒螡螚危,0.0,2024-01-03
巍韦螠螣螣巍螚9-螖螠违,contract:e3f0ed47e7db,螘螕螝巍螜危螚 螖螒螤螒螡螚危,0.0,2024-01-03
巍唯22螣巍螚9-螢螒桅,contract:d2dade030894,螘螕螝巍螜危螚 螖螒螤螒螡螚危,0.0,2024-01-03
唯巍01螣巍螚9-巍49,contract:b1f434acd9b5,螘螕螝巍螜危螚 螖螒螤螒螡螚危,0.0,2024-01-03
6螢螡1螣巍螚9-巍0螞,contract:81d2b8a85e80,螘螕螝巍螜危螚 螖螒螤螒螡螚危,0.0,2024-01-05
6围28螣巍螚9-螕螠3,contract:9f8827d566f0,螘螕螝巍螜危螚 螖螒螤螒螡螚危,0.0,2024-01-10
65螚螜螣巍螚9-7螝1,contract:1d53d30c3827,螘螕螝巍螜危螚 螖螒螤螒螡螚危,0.0,2024-01-11
6螕螖惟螣巍螚9-716,contract:5cfc89a9656a,螘螕螝巍螜危螚 螖螒螤螒螡螚危,0.0,2024-01-11
6螕螚惟螣巍螚9-桅唯唯,contract:034b47948759,螘螕螝巍螜危螚 螖螒螤螒螡螚危,0.0,2024-01-11
6螜7螛螣巍螚9-螙5螔,contract:4b924f04ec5c,螘螕螝巍螜危螚 螖螒螤螒螡螚危,0.0,2024-01-11
6螡0螠螣巍螚9-螢螢螘,contract:f2de06269fbd,螘螕螝巍螜危螚 螖螒螤螒螡螚危,0.0,2024-01-11
6巍螒螕螣巍螚9-6螚2,contract:8f2435100aed,螘螕螝巍螜危螚 螖螒螤螒螡螚危,0.0,2024-01-11
6唯螞巍螣巍螚9-螖8巍,contract:08d74fd73dee,螘螕螝巍螜危螚 螖螒螤螒螡螚危,0.0,2024-01-11
95螚螙螣巍螚9-唯围7,contract:0b5547f0c140,螘螕螝巍螜危螚 螖螒螤螒螡螚危,0.0,2024-01-11
99违7螣巍螚9-176,contract:b89e600c3cb3,螘螕螝巍螜危螚 螖螒螤螒螡螚危,0.0,2024-01-11
9螒围唯螣巍螚9-巍螝螣,contract:0f7c0318bcd9,螘螕螝巍螜危螚 螖螒螤螒螡螚危,0.0,2024-01-11
9螖螝5螣巍螚9-螔唯0,contract:9f948ed21e80,螘螕螝巍螜危螚 螖螒螤螒螡螚危,0.0,2024-01-11
9螛韦巍螣巍螚9-60螠,contract:222fcadc406c,螘螕螝巍螜危螚 螖螒螤螒螡螚危,0.0,2024-01-11
9螛唯螙螣巍螚9-5螝危,contract:f6d42ab3ccff,螘螕螝巍螜危螚 螖螒螤螒螡螚危,0.0,2024-01-11
唯30螘螣巍螚9-韦韦韦,contract:8a623fdd6374,螘螕螝巍螜危螚 螖螒螤螒螡螚危,0.0,2024-01-11
唯螙螣惟螣巍螚9-7螘围,contract:d31a1c99b576,螘螕螝巍螜危螚 螖螒螤螒螡螚危,0.0,2024-01-11
唯螚螞韦螣巍螚9-惟7围,contract:96c6d555927b,螘螕螝巍螜危螚 螖螒螤螒螡螚危,0.0,2024-01-11
唯围巍1螣巍螚9-螙68,contract:f3ba663f7e5e,螘螕螝巍螜危螚 螖螒螤螒螡螚危,0.0,2024-01-11
6螢韦螡螣巍螚9-螘螒螘,contract:bf4b49577093,螘螕螝巍螜危螚 螖螒螤螒螡螚危,0.0,2024-01-23
6惟螘围螣巍螚9-韦韦螒,contract:ed8aeb514a27,螘螕螝巍螜危螚 螖螒螤螒螡螚危,0.0,2024-01-23
60螚6螣巍螚9-韦螠桅,contract:d1cfea5c460b,螘螕螝巍螜危螚 螖螒螤螒螡螚危,0.0,2024-02-01
6围0螞螣巍螚9-27螣,contract:28d767fefc19,螘螕螝巍螜危螚 螖螒螤螒螡螚危,0.0,2024-02-01
9螔0桅螣巍螚9-61螜,contract:1bcc45879977,螘螕螝巍螜危螚 螖螒螤螒螡螚危,0.0,2024-02-01
巍1螝1螣巍螚9-螡2螙,contract:327de654aeb6,螘螕螝巍螜危螚 螖螒螤螒螡螚危,0.0,2024-02-01
巍螤3螢螣巍螚9-唯6螤,contract:d6df73e4d261,螘螕螝巍螜危螚 螖螒螤螒螡螚危,0.0,2024-02-01
唯螛螤2螣巍螚9-螔围螝,contract:885821ca1eba,螘螕螝巍螜危螚 螖螒螤螒螡螚危,0.0,2024-02-01
唯螝螔螛螣巍螚9-01韦,contract:dfaacb936b9d,螘螕螝巍螜危螚 螖螒螤螒螡螚危,0.0,2024-02-01
唯巍螚3螣巍螚9-螡巍螡,contract:8050645d9f90,螘螕螝巍螜危螚 螖螒螤螒螡螚危,0.0,2024-02-07
9062螣巍螚9-5螡螣,contract:73d05ae5be2d,螘螕螝巍螜危螚 螖螒螤螒螡螚危,0.0,2024-02-08
639韦螣巍螚9-5螕螢,contract:6fb629624d14,螘螕螝巍螜危螚 螖螒螤螒螡螚危,0.0,2024-02-12
唯168螣巍螚9-惟螠螙,contract:d7dd2da206a8,螘螕螝巍螜危螚 螖螒螤螒螡螚危,0.0,2024-02-22
98韦螕螣巍螚9-唯螛1,contract:14ba80cf2f0f,螘螕螝巍螜危螚 螖螒螤螒螡螚危,0.0,2024-02-27
9螤5违螣巍螚9-2螕螚,contract:300c1039a097,螘螕螝巍螜危螚 螖螒螤螒螡螚危,0.0,2024-02-27
9桅螛螞螣巍螚9-0螘危,contract:b47772c4f475,螘螕螝巍螜危螚 螖螒螤螒螡螚危,0.0,2024-02-27
唯1唯螛螣巍螚9-螛螖1,contract:ee5b43678d5a,螘螕螝巍螜危螚 螖螒螤螒螡螚危,0.0,2024-02-27
唯33螞螣巍螚9-螙螝4,contract:1db0ecbbfbb8,螘螕螝巍螜危螚 螖螒螤螒螡螚危,0.0,2024-02-27
唯螛螖惟螣巍螚9-9螣螜,contract:ded74b2a2aed,螘螕螝巍螜危螚 螖螒螤螒螡螚危,0.0,2024-02-27
68螝螡螣巍螚9-螡24,contract:e96d4a088629,螘螕螝巍螜危螚 螖螒螤螒螡螚危,0.0,2024-02-29
唯违螞螢螣巍螚9-2桅螛,contract:ae81edd95286,螘螕螝巍螜危螚 螖螒螤螒螡螚危,0.0,2024-03-01
唯螔螙韦螣巍螚9-2螢螡,contract:41e9be8388af,螘螕螝巍螜危螚 螖螒螤螒螡螚危,0.0,2024-03-06
9螛螚2螣巍螚9-桅螡4,contract:fa894cba0bd1,螘螕螝巍螜危螚 螖螒螤螒螡螚危,0.0,2024-03-12
69螠9螣巍螚9-违唯围,contract:d5c2bf012b0f,螘螕螝巍螜危螚 螖螒螤螒螡螚危,0.0,2024-03-29
9螒螚螖螣巍螚9-螠螕7,contract:ab464b62515f,螘螕螝巍螜危螚 螖螒螤螒螡螚危,0.0,2024-03-29
9螙围螞螣巍螚9-螡违螒,contract:5fc63ace5021,螘螕螝巍螜危螚 螖螒螤螒螡螚危,0.0,2024-03-29
9螞唯唯螣巍螚9-螛12,contract:7f9e3f122aae,螘螕螝巍螜危螚 螖螒螤螒螡螚危,0.0,2024-03-29
9危螝螘螣巍螚9-螤螠螜,contract:9a858bd9adab,螘螕螝巍螜危螚 螖螒螤螒螡螚危,0.0,2024-03-29
巍螕桅7螣巍螚9-螞螝围,contract:6f7745dec40d,螘螕螝巍螜危螚 螖螒螤螒螡螚危,0.0,2024-03-29
巍违韦4螣巍螚9-螙3危,contract:34c7d259b39f,螘螕螝巍螜危螚 螖螒螤螒螡螚危,0.0,2024-03-29
唯螣螔螜螣巍螚9-螖螢螖,contract:8381c27f1753,螘螕螝巍螜危螚 螖螒螤螒螡螚危,0.0,2024-03-29
61螤5螣巍螚9-00螞,contract:9629a5b9ee15,螘螕螝巍螜危螚 螖螒螤螒螡螚危,0.0,2024-04-09
6873螣巍螚9-05螚,contract:392fa4607294,螘螕螝巍螜危螚 螖螒螤螒螡螚危,0.0,2024-04-12
62螢1螣巍螚9-螢0螜,contract:b5a5ed20101c,螘螕螝巍螜危螚 螖螒螤螒螡螚危,0.0,2024-04-18
69螘螡螣巍螚9-螤螔韦,contract:25cf98b29ec6,螘螕螝巍螜危螚 螖螒螤螒螡螚危,0.0,2024-04-18
6违螙0螣巍螚9-螜螣桅,contract:5f4bfd6ca7e6,螘螕螝巍螜危螚 螖螒螤螒螡螚危,0.0,2024-04-18
6违螣螙螣巍螚9-违螠螠,contract:ef37d77d3197,螘螕螝巍螜危螚 螖螒螤螒螡螚危,0.0,2024-04-18
9122螣巍螚9-唯惟8,contract:e1ddd1b8b105,螘螕螝巍螜危螚 螖螒螤螒螡螚危,0.0,2024-04-18
9螔螝螡螣巍螚9-螜巍螝,contract:bc21cc0979ac,螘螕螝巍螜危螚 螖螒螤螒螡螚危,0.0,2024-04-18
螘6螕8螣巍螚9-4螘惟,contract:d1a9dd8cb7dc,螘螕螝巍螜危螚 螖螒螤螒螡螚危,0.0,2024-04-18
巍螤8螤螣巍螚9-螜螢螕,contract:ae22e1a7e785,螘螕螝巍螜危螚 螖螒螤螒螡螚危,0.0,2024-04-18
唯螚螔螤螣巍螚9-围1螞,contract:92a83817cf5f,螘螕螝巍螜危螚 螖螒螤螒螡螚危,0.0,2024-04-18
6螞螛巍螣巍螚9-螠螘螚,contract:888fae5581ce,螘螕螝巍螜危螚 螖螒螤螒螡螚危,0.0,2024-04-24
螘6桅韦螣巍螚9-螤唯螕,contract:bf7f6642857c,螘螕螝巍螜危螚 螖螒螤螒螡螚危,0.0,2024-04-24
巍7螘螔螣巍螚9-螜违螢,contract:dfb43355db5a,螘螕螝巍螜危螚 螖螒螤螒螡螚危,0.0,2024-04-24
69违1螣巍螚9-螢01,contract:6d652cb81375,螘螕螝巍螜危螚 螖螒螤螒螡螚危,0.0,2024-04-25
627螘螣巍螚9-危桅螞,contract:1128fea0ff93,螘螕螝巍螜危螚 螖螒螤螒螡螚危,0.0,2024-05-16
6螚巍9螣巍螚9-螙螣9,contract:355a95ba21cc,螘螕螝巍螜危螚 螖螒螤螒螡螚危,0.0,2024-05-16
95韦螡螣巍螚9-螢5螡,contract:70698439b72b,螘螕螝巍螜危螚 螖螒螤螒螡螚危,0.0,2024-05-16
99螜螖螣巍螚9-违螡螠,contract:c020eb34eee8,螘螕螝巍螜危螚 螖螒螤螒螡螚危,0.0,2024-05-16
9螔螣5螣巍螚9-螣螣桅,contract:86849b58fc89,螘螕螝巍螜危螚 螖螒螤螒螡螚危,0.0,2024-05-16
9螠螞螞螣巍螚9-41螛,contract:095457a27891,螘螕螝巍螜危螚 螖螒螤螒螡螚危,0.0,2024-05-16
63螞5螣巍螚9-3围8,contract:daca9913e59c,螘螕螝巍螜危螚 螖螒螤螒螡螚危,0.0,2024-05-20
6桅螙8螣巍螚9-6螛螔,contract:47a4656b8c77,螘螕螝巍螜危螚 螖螒螤螒螡螚危,0.0,2024-05-20
唯围螣0螣巍螚9-违3螖,contract:67a04b9a6d80,螘螕螝巍螜危螚 螖螒螤螒螡螚危,0.0,2024-05-20
6螡韦6螣巍螚9-0螣巍,contract:e82a1e18bb40,螘螕螝巍螜危螚 螖螒螤螒螡螚危,0.0,2024-05-30
6巍螜8螣巍螚9-桅螜螕,contract:575bd0abf4c1,螘螕螝巍螜危螚 螖螒螤螒螡螚危,0.0,2024-05-30
9韦2桅螣巍螚9-92螢,contract:0477760f457f,螘螕螝巍螜危螚 螖螒螤螒螡螚危,0.0,2024-05-30
唯32危螣巍螚9-螤螣螝,contract:ba769f4cecc1,螘螕螝巍螜危螚 螖螒螤螒螡螚危,0.0,2024-05-30
唯螛巍1螣巍螚9-螝螠螣,contract:da8d8a8ceaee,螘螕螝巍螜危螚 螖螒螤螒螡螚危,0.0,2024-05-30
唯唯螕8螣巍螚9-2螢螒,contract:daf26b0f24a0,螘螕螝巍螜危螚 螖螒螤螒螡螚危,0.0,2024-05-30
9螔6螙螣巍螚9-64螙,contract:40a80fcffc0e,螘螕螝巍螜危螚 螖螒螤螒螡螚危,0.0,2024-06-04
600螘螣巍螚9-7螘螙,contract:9959481afc6c,螘螕螝巍螜危螚 螖螒螤螒螡螚危,0.0,2024-06-17
唯6唯违螣巍螚9-5螒巍,contract:8395fdf6e57e,螘螕螝巍螜危螚 螖螒螤螒螡螚危,0.0,2024-06-17
唯桅螜螝螣巍螚9-巍螜7,contract:9bf297323bc8,螘螕螝巍螜危螚 螖螒螤螒螡螚危,0.0,2024-06-17
巍4唯9螣巍螚9-22围,contract:1714343e2a76,螘螕螝巍螜危螚 螖螒螤螒螡螚危,0.0,2024-06-18
918螔螣巍螚9-10螤,contract:d4344d22b434,螘螕螝巍螜危螚 螖螒螤螒螡螚危,0.0,2024-06-27
9螤惟8螣巍螚9-螕危7,contract:ac79ce28aee9,螘螕螝巍螜危螚 螖螒螤螒螡螚危,0.0,2024-06-27
唯螖螘螙螣巍螚9-4螒8,contract:4e1ce8bab0c2,螘螕螝巍螜危螚 螖螒螤螒螡螚危,0.0,2024-06-27
唯违围螢螣巍螚9-螙螕螝,contract:2710b57f2881,螘螕螝巍螜危螚 螖螒螤螒螡螚危,0.0,2024-06-27
9螜危5螣巍螚9-螕螛3,contract:6409d88d61ed,螘螕螝巍螜危螚 螖螒螤螒螡螚危,0.0,2024-07-15
9螡巍韦螣巍螚9-危2螤,contract:3924b56b4fbb,螘螕螝巍螜危螚 螖螒螤螒螡螚危,0.0,2024-07-15
9韦螞螖螣巍螚9-4违螤,contract:6f7d3832f387,螘螕螝巍螜危螚 螖螒螤螒螡螚危,0.0,2024-07-15
巍48螣螣巍螚9-螘螕0,contract:a16844f80824,螘螕螝巍螜危螚 螖螒螤螒螡螚危,0.0,2024-07-15
巍螚螖韦螣巍螚9-4螣违,contract:fbe4929d3b57,螘螕螝巍螜危螚 螖螒螤螒螡螚危,0.0,2024-07-15
唯螡违违螣巍螚9-螢04,contract:c9fc2986ae53,螘螕螝巍螜危螚 螖螒螤螒螡螚危,0.0,2024-07-15
唯唯30螣巍螚9-17螕,contract:f7b97860b10d,螘螕螝巍螜危螚 螖螒螤螒螡螚危,0.0,2024-07-15
6危围螕螣巍螚9-螤桅韦,contract:029979873cea,螘螕螝巍螜危螚 螖螒螤螒螡螚危,0.0,2024-07-17
6韦螣0螣巍螚9-8螘危,contract:ffa5da79e100,螘螕螝巍螜危螚 螖螒螤螒螡螚危,0.0,2024-07-17
9惟螔2螣巍螚9-8螞唯,contract:d25615821242,螘螕螝巍螜危螚 螖螒螤螒螡螚危,0.0,2024-07-22
6螙3危螣巍螚9-螒螒螘,contract:816bc9725a9c,螘螕螝巍螜危螚 螖螒螤螒螡螚危,0.0,2024-07-29
6螛韦螠螣巍螚9-螢韦螘,contract:86c60388dac8,螞螣螜螤螘危 螒韦螣螠螜螝螘危 螖螜螣螜螝螚韦螜螝螘危 螤巍螒螢螘螜危,0.0,2024-07-29
6巍违螣螣巍螚9-4唯螢,contract:c4484a19fd6e,螘螕螝巍螜危螚 螖螒螤螒螡螚危,0.0,2024-07-29
9螒螞5螣巍螚9-1唯螡,contract:926556b5b8f7,螘螕螝巍螜危螚 螖螒螤螒螡螚危,0.0,2024-07-29
9螔螢螡螣巍螚9-螕螠螙,contract:1a15b21d8b0e,螘螕螝巍螜危螚 螖螒螤螒螡螚危,0.0,2024-07-29
螘螤围7螣巍螚9-螕4螤,contract:01235ca58345,螘螕螝巍螜危螚 螖螒螤螒螡螚危,0.0,2024-07-29
巍螚螢桅螣巍螚9-螕5螝,contract:7036a8f264d6,螘螕螝巍螜危螚 螖螒螤螒螡螚危,0.0,2024-07-29
巍惟0韦螣巍螚9-螒螚韦,contract:7986163d7120,螘螕螝巍螜危螚 螖螒螤螒螡螚危,0.0,2024-07-29
唯螖螠螘螣巍螚9-螤惟螠,contract:09ac1ee999a6,螘螕螝巍螜危螚 螖螒螤螒螡螚危,0.0,2024-07-29
唯螡5螛螣巍螚9-韦唯螝,contract:a1fe2661c7b0,螘螕螝巍螜危螚 螖螒螤螒螡螚危,0.0,2024-07-29
唯螛惟巍螣巍螚9-螣7螘,contract:470d8f46966b,螘螕螝巍螜危螚 螖螒螤螒螡螚危,0.0,2024-07-31
唯危螠巍螣巍螚9-螘螝3,contract:213395b560fb,螘螕螝巍螜危螚 螖螒螤螒螡螚危,0.0,2024-08-29
6螜螔螘螣巍螚9-螜螞5,contract:16f49cd3a1ed,螘螕螝巍螜危螚 螖螒螤螒螡螚危,0.0,2024-09-19
6螝20螣巍螚9-螖螞危,contract:1410a4299a77,螘螕螝巍螜危螚 螖螒螤螒螡螚危,0.0,2024-09-19
6螢5违螣巍螚9-违22,contract:b369844281fc,螘螕螝巍螜危螚 螖螒螤螒螡螚危,0.0,2024-09-19
6违违1螣巍螚9-螚4螝,contract:10a89cd059e0,螘螕螝巍螜危螚 螖螒螤螒螡螚危,0.0,2024-09-19
6桅13螣巍螚9-螜6惟,contract:1af389e2b5fb,螘螕螝巍螜危螚 螖螒螤螒螡螚危,0.0,2024-09-19
6桅螤螞螣巍螚9-螚桅8,contract:83b20fe36db3,螘螕螝巍螜危螚 螖螒螤螒螡螚危,0.0,2024-09-19
92螡螛螣巍螚9-19唯,contract:1a5add189792,螘螕螝巍螜危螚 螖螒螤螒螡螚危,0.0,2024-09-19
93惟螣螣巍螚9-螘违桅,contract:1e0274e6d5cf,螘螕螝巍螜危螚 螖螒螤螒螡螚危,0.0,2024-09-19
95唯惟螣巍螚9-违巍螒,contract:d4f672819578,螘螕螝巍螜危螚 螖螒螤螒螡螚危,0.0,2024-09-19
98违螙螣巍螚9-螞螞2,contract:af2536e7fc25,螘螕螝巍螜危螚 螖螒螤螒螡螚危,0.0,2024-09-19
9螠4螕螣巍螚9-螣2螛,contract:b9ff7d3eee71,螘螕螝巍螜危螚 螖螒螤螒螡螚危,0.0,2024-09-19
螘螤螙0螣巍螚9-81螕,contract:40e97ec39c84,螘螕螝巍螜危螚 螖螒螤螒螡螚危,0.0,2024-09-19
螘唯螠巍螣巍螚9-螒螕0,contract:97472cfd677e,螘螕螝巍螜危螚 螖螒螤螒螡螚危,0.0,2024-09-19
唯227螣巍螚9-螘螣6,contract:5ad8149f41d1,螘螕螝巍螜危螚 螖螒螤螒螡螚危,0.0,2024-09-19
唯8危唯螣巍螚9-唯危0,contract:44fc6868c2fa,螘螕螝巍螜危螚 螖螒螤螒螡螚危,0.0,2024-09-19
唯螘3螠螣巍螚9-螡韦螜,contract:18543a6b715e,螘螕螝巍螜危螚 螖螒螤螒螡螚危,0.0,2024-09-19
唯螘螞9螣巍螚9-螘螔螖,contract:e1f84c82d899,螘螕螝巍螜危螚 螖螒螤螒螡螚危,0.0,2024-09-19
唯螜螔惟螣巍螚9-螤0危,contract:7cd31c0335ee,螞螣螜螤螘危 螒韦螣螠螜螝螘危 螖螜螣螜螝螚韦螜螝螘危 螤巍螒螢螘螜危,0.0,2024-09-19
唯危螝螝螣巍螚9-螕2螘,contract:1fe3a4e4ab59,螘螕螝巍螜危螚 螖螒螤螒螡螚危,0.0,2024-09-19
唯惟0螞螣巍螚9-螚螢螠,contract:0f08d25bf616,螘螕螝巍螜危螚 螖螒螤螒螡螚危,0.0,2024-10-01
6螕3螤螣巍螚9-5惟违,contract:18c9cc67c550,螘螕螝巍螜危螚 螖螒螤螒螡螚危,0.0,2024-10-04
6螙巍螛螣巍螚9-68螞,contract:460c7a071021,螘螕螝巍螜危螚 螖螒螤螒螡螚危,0.0,2024-10-04
6螜违螞螣巍螚9-33违,contract:250e6860d9f4,螘螕螝巍螜危螚 螖螒螤螒螡螚危,0.0,2024-10-04
6螡螙螚螣巍螚9-8螞唯,contract:20cdec520d37,螘螕螝巍螜危螚 螖螒螤螒螡螚危,0.0,2024-10-04
966螕螣巍螚9-螢螕9,contract:4b4fe038c7d6,螘螕螝巍螜危螚 螖螒螤螒螡螚危,0.0,2024-10-04
96螜螔螣巍螚9-螡7螚,contract:72d88f6e7e33,螘螕螝巍螜危螚 螖螒螤螒螡螚危,0.0,2024-10-04
9巍螜螕螣巍螚9-螠螒7,contract:379639a4d3b7,螘螕螝巍螜危螚 螖螒螤螒螡螚危,0.0,2024-10-04
9桅1违螣巍螚9-螖螝违,contract:f192057d2f52,螘螕螝巍螜危螚 螖螒螤螒螡螚危,0.0,2024-10-04
巍6螖螔螣巍螚9-螢螕惟,contract:86af462bf36b,螘螕螝巍螜危螚 螖螒螤螒螡螚危,0.0,2024-10-04
巍螣螒7螣巍螚9-螠螜螖,contract:1171d889e10b,螘螕螝巍螜危螚 螖螒螤螒螡螚危,0.0,2024-10-04
唯20螘螣巍螚9-桅螠6,contract:2704fd6f06ff,螘螕螝巍螜危螚 螖螒螤螒螡螚危,0.0,2024-10-04
唯螣9螔螣巍螚9-桅15,contract:3da88795451c,螘螕螝巍螜危螚 螖螒螤螒螡螚危,0.0,2024-10-04
唯危螢2螣巍螚9-4螝4,contract:dfeb95a80f7b,螘螕螝巍螜危螚 螖螒螤螒螡螚危,0.0,2024-10-04
巍螝围螖螣巍螚9-螤8巍,contract:5ad153b093c4,螘螕螝巍螜危螚 螖螒螤螒螡螚危,0.0,2024-10-10
9惟螕1螣巍螚9-螠螔惟,contract:130e78a1e2b5,螘螕螝巍螜危螚 螖螒螤螒螡螚危,0.0,2024-10-17
6螞螤0螣巍螚9-7桅螙,contract:65d92b6bd85a,螘螕螝巍螜危螚 螖螒螤螒螡螚危,0.0,2024-10-21
9螤螤围螣巍螚9-螕1螡,contract:ae2327281812,螘螕螝巍螜危螚 螖螒螤螒螡螚危,0.0,2024-10-21
9危螤0螣巍螚9-违韦螡,contract:d2082e46fef3,螘螕螝巍螜危螚 螖螒螤螒螡螚危,0.0,2024-10-21
巍螒4桅螣巍螚9-桅7螠,contract:f65fc2f399da,螘螕螝巍螜危螚 螖螒螤螒螡螚危,0.0,2024-10-21
巍螤桅唯螣巍螚9-螔3违,contract:421c7b86c679,螘螕螝巍螜危螚 螖螒螤螒螡螚危,0.0,2024-10-21
唯螖桅惟螣巍螚9-2螘5,contract:8221bc7f0a5b,螘螕螝巍螜危螚 螖螒螤螒螡螚危,0.0,2024-10-21
唯螡8螒螣巍螚9-螡螚螙,contract:183d41613b65,螘螕螝巍螜危螚 螖螒螤螒螡螚危,0.0,2024-10-21
6螢螤5螣巍螚9-螡螖螚,contract:30a94992909b,螘螕螝巍螜危螚 螖螒螤螒螡螚危,0.0,2024-11-04
巍螠螝螙螣巍螚9-9巍5,contract:b1414506d844,螘螕螝巍螜危螚 螖螒螤螒螡螚危,0.0,2024-11-12
6螙螕螔螣巍螚9-螜韦桅,contract:00d656a8b3fe,螘螕螝巍螜危螚 螖螒螤螒螡螚危,0.0,2024-11-14
96惟4螣巍螚9-6危韦,contract:fd5445662ca4,螘螕螝巍螜危螚 螖螒螤螒螡螚危,0.0,2024-11-14
9784螣巍螚9-2唯螢,contract:15052ae9b58e,螘螕螝巍螜危螚 螖螒螤螒螡螚危,0.0,2024-11-14
9螔巍违螣巍螚9-4惟螙,contract:95239e0fabe4,螘螕螝巍螜危螚 螖螒螤螒螡螚危,0.0,2024-11-14
9桅螤螞螣巍螚9-06螢,contract:b8e7f29b025b,螘螕螝巍螜危螚 螖螒螤螒螡螚危,0.0,2024-11-14
6螚螘韦螣巍螚9-螠螒4,contract:13de033b53b2,螘螕螝巍螜危螚 螖螒螤螒螡螚危,0.0,2024-11-22
662螢螣巍螚9-73螝,contract:451cb8428c52,螞螣螜螤螘危 螒韦螣螠螜螝螘危 螖螜螣螜螝螚韦螜螝螘危 螤巍螒螢螘螜危,0.0,2024-12-05
6螘螤韦螣巍螚9-螚螠1,contract:ea8f4ed2cae2,螘螕螝巍螜危螚 螖螒螤螒螡螚危,0.0,2024-12-05
6螚螠螔螣巍螚9-巍6巍,contract:055b5cf7b72c,螘螕螝巍螜危螚 螖螒螤螒螡螚危,0.0,2024-12-05
6螜惟桅螣巍螚9-5螛1,contract:29c415045a52,螘螕螝巍螜危螚 螖螒螤螒螡螚危,0.0,2024-12-05
6螝螛螞螣巍螚9-3螣螜,contract:4fe687390995,螘螕螝巍螜危螚 螖螒螤螒螡螚危,0.0,2024-12-05
6巍螛螔螣巍螚9-6围螚,contract:a5e2f86ffce2,螘螕螝巍螜危螚 螖螒螤螒螡螚危,0.0,2024-12-05
9螢37螣巍螚9-螝螡螝,contract:b3b93a48fa3a,螘螕螝巍螜危螚 螖螒螤螒螡螚危,0.0,2024-12-05
唯3螣螚螣巍螚9-螖螛5,contract:37f270b585f9,螘螕螝巍螜危螚 螖螒螤螒螡螚危,0.0,2024-12-05
唯8惟巍螣巍螚9-螚螜螝,contract:2ca5981b6916,螘螕螝巍螜危螚 螖螒螤螒螡螚危,0.0,2024-12-05
唯螘韦螘螣巍螚9-螝87,contract:40862796d1da,螘螕螝巍螜危螚 螖螒螤螒螡螚危,0.0,2024-12-05
唯螝7螢螣巍螚9-危桅5,contract:7404b1eb74c7,螘螕螝巍螜危螚 螖螒螤螒螡螚危,0.0,2024-12-05
唯螢危8螣巍螚9-围韦螞,contract:2f3cf0094696,螘螕螝巍螜危螚 螖螒螤螒螡螚危,0.0,2024-12-05
唯围螡螛螣巍螚9-442,contract:9c0013cae783,螘螕螝巍螜危螚 螖螒螤螒螡螚危,0.0,2024-12-05
9螤螠韦螣巍螚9-4螖惟,contract:c9a2b130226d,螘螕螝巍螜危螚 螖螒螤螒螡螚危,0.0,2024-12-16
唯3螛8螣巍螚9-4螔6,contract:f44b8f70febf,螘螕螝巍螜危螚 螖螒螤螒螡螚危,0.0,2024-12-16
6螠螤6螣巍螚9-螜巍惟,contract:b70bc9c527c5,螘螕螝巍螜危螚 螖螒螤螒螡螚危,0.0,2024-12-20
6围0唯螣巍螚9-4危围,contract:e5140b765733,螘螕螝巍螜危螚 螖螒螤螒螡螚危,0.0,2024-12-20
9螙螕螛螣巍螚9-螒韦螝,contract:f89a23da5310,螘螕螝巍螜危螚 螖螒螤螒螡螚危,0.0,2024-12-20
巍螔03螣巍螚9-螒围5,contract:49fb02b0a34d,螘螕螝巍螜危螚 螖螒螤螒螡螚危,0.0,2024-12-20
唯螝螔螣螣巍螚9-螢螝韦,contract:ca10b356076f,螘螕螝巍螜危螚 螖螒螤螒螡螚危,0.0,2024-12-20
6螛螞螘螣巍螚9-螘69,contract:d9a87df09cf9,螘螕螝巍螜危螚 螖螒螤螒螡螚危,0.0,2024-12-27
巍7螜巍螣巍螚9-螖2螤,contract:649c4cb7d25c,螘螕螝巍螜危螚 螖螒螤螒螡螚危,0.0,2024-12-31
905螤螣巍螚9-螘5围,contract:ea52c41f16a2,螘螕螝巍螜危螚 螖螒螤螒螡螚危,0.0,2025-01-14
9螘韦巍螣巍螚9-螛螒螝,contract:15e3377c5526,螘螕螝巍螜危螚 螖螒螤螒螡螚危,0.0,2025-01-14
9螢4螡螣巍螚9-螣韦螔,contract:2b8debf8b21f,螘螕螝巍螜危螚 螖螒螤螒螡螚危,0.0,2025-01-14
9螣螤螝螣巍螚9-巍螡巍,contract:f6ff35eff3c2,螘螕螝巍螜危螚 螖螒螤螒螡螚危,0.0,2025-01-14
9巍巍6螣巍螚9-违56,contract:617f71e2525b,螘螕螝巍螜危螚 螖螒螤螒螡螚危,0.0,2025-01-14
巍084螣巍螚9-4螣螜,contract:510471f13be0,螘螕螝巍螜危螚 螖螒螤螒螡螚危,0.0,2025-01-14
巍1螣螠螣巍螚9-违唯螛,contract:0a27977a040f,螘螕螝巍螜危螚 螖螒螤螒螡螚危,0.0,2025-01-14
巍螖3违螣巍螚9-螠桅螤,contract:2b2a93f6bc64,螘螕螝巍螜危螚 螖螒螤螒螡螚危,0.0,2025-01-14
巍螠9螔螣巍螚9-432,contract:00ebe7be09bb,螘螕螝巍螜危螚 螖螒螤螒螡螚危,0.0,2025-01-14
巍螢螖巍螣巍螚9-螞螚螠,contract:7aa4f5f4b862,螘螕螝巍螜危螚 螖螒螤螒螡螚危,0.0,2025-01-14
唯2螚螕螣巍螚9-螕49,contract:ac334f70f40b,螘螕螝巍螜危螚 螖螒螤螒螡螚危,0.0,2025-01-14
唯螘41螣巍螚9-螡螣3,contract:2ab0625b101f,螘螕螝巍螜危螚 螖螒螤螒螡螚危,0.0,2025-01-14
唯螤螒螢螣巍螚9-螛螣围,contract:da6ce25e31a8,螘螕螝巍螜危螚 螖螒螤螒螡螚危,0.0,2025-01-14
唯巍螕2螣巍螚9-惟螕螢,contract:bee2880adfa7,螘螕螝巍螜危螚 螖螒螤螒螡螚危,0.0,2025-01-16
唯惟螠螛螣巍螚9-违围螢,contract:b210e567e421,螞螣螜螤螘危 螒韦螣螠螜螝螘危 螖螜螣螜螝螚韦螜螝螘危 螤巍螒螢螘螜危,0.0,2025-01-16
巍桅唯螤螣巍螚9-螤螢违,contract:e4da23c4fa1b,螘螕螝巍螜危螚 螖螒螤螒螡螚危,0.0,2025-01-31
68螤巍螣巍螚9-违违危,contract:7484ac1134e4,螘螕螝巍螜危螚 螖螒螤螒螡螚危,0.0,2025-02-04
6螠螠6螣巍螚9-螢0违,contract:ed1654558a60,螘螕螝巍螜危螚 螖螒螤螒螡螚危,0.0,2025-02-04
6危螢螒螣巍螚9-513,contract:a119e4218f00,螘螕螝巍螜危螚 螖螒螤螒螡螚危,0.0,2025-02-04
6桅6唯螣巍螚9-螔危6,contract:c3386b490236,螘螕螝巍螜危螚 螖螒螤螒螡螚危,0.0,2025-02-04
929危螣巍螚9-4螔螞,contract:599e8ed6195b,螘螕螝巍螜危螚 螖螒螤螒螡螚危,0.0,2025-02-04
93巍3螣巍螚9-唯螢螕,contract:40a2403ace44,螘螕螝巍螜危螚 螖螒螤螒螡螚危,0.0,2025-02-04
981惟螣巍螚9-71螔,contract:c6e0d9f9586f,螘螕螝巍螜危螚 螖螒螤螒螡螚危,0.0,2025-02-04
9螔9螣螣巍螚9-螕螣7,contract:db6d45c379c8,螘螕螝巍螜危螚 螖螒螤螒螡螚危,0.0,2025-02-04
9螖70螣巍螚9-35惟,contract:f8c3fe8612fa,螘螕螝巍螜危螚 螖螒螤螒螡螚危,0.0,2025-02-04
9螛螣韦螣巍螚9-螜螜危,contract:be03811c7449,螘螕螝巍螜危螚 螖螒螤螒螡螚危,0.0,2025-02-04
9韦螤螝螣巍螚9-巍8螞,contract:7f71e7aba472,螘螕螝巍螜危螚 螖螒螤螒螡螚危,0.0,2025-02-04
巍4惟螢螣巍螚9-惟91,contract:e00185224a0b,螘螕螝巍螜危螚 螖螒螤螒螡螚危,0.0,2025-02-04
巍8惟螛螣巍螚9-5危桅,contract:1767bae35eb3,螘螕螝巍螜危螚 螖螒螤螒螡螚危,0.0,2025-02-04
巍螘围韦螣巍螚9-惟0惟,contract:293e8eba10d7,螘螕螝巍螜危螚 螖螒螤螒螡螚危,0.0,2025-02-04
巍螙唯1螣巍螚9-螘螠7,contract:106bf0cd7bf6,螘螕螝巍螜危螚 螖螒螤螒螡螚危,0.0,2025-02-04
唯螖韦螜螣巍螚9-巍围韦,contract:55367a1cdf41,螘螕螝巍螜危螚 螖螒螤螒螡螚危,0.0,2025-02-04
唯螝螤螜螣巍螚9-螜螘巍,contract:5fc2e38ca7e3,螘螕螝巍螜危螚 螖螒螤螒螡螚危,0.0,2025-02-04
唯螡螙8螣巍螚9-螢螠螔,contract:c6534c375c14,螘螕螝巍螜危螚 螖螒螤螒螡螚危,0.0,2025-02-04
唯惟8螡螣巍螚9-螘螕螞,contract:294abfb4a3de,螘螕螝巍螜危螚 螖螒螤螒螡螚危,0.0,2025-02-04
947唯螣巍螚9-7惟螡,contract:93dd9c52f3e8,螘螕螝巍螜危螚 螖螒螤螒螡螚危,0.0,2025-02-24
686螙螣巍螚9-螙螕螙,contract:e929ec8635de,螘螕螝巍螜危螚 螖螒螤螒螡螚危,0.0,2025-02-26
90螞6螣巍螚9-危9螔,contract:3a31ce768e00,螘螕螝巍螜危螚 螖螒螤螒螡螚危,0.0,2025-02-26
9螖螚6螣巍螚9-螒5违,contract:e87b9d49a0f5,螘螕螝巍螜危螚 螖螒螤螒螡螚危,0.0,2025-02-26
9螜危螔螣巍螚9-惟9螛,contract:02b87edb298a,螘螕螝巍螜危螚 螖螒螤螒螡螚危,0.0,2025-02-26
巍螣92螣巍螚9-螝桅螢,contract:ad6f6177449d,螘螕螝巍螜危螚 螖螒螤螒螡螚危,0.0,2025-02-26
巍巍违5螣巍螚9-韦螞惟,contract:642c33734345,螘螕螝巍螜危螚 螖螒螤螒螡螚危,0.0,2025-02-26
唯螚螜螚螣巍螚9-螜螔9,contract:306d809617d2,螘螕螝巍螜危螚 螖螒螤螒螡螚危,0.0,2025-02-26
唯螤螕7螣巍螚9-螤韦螔,contract:255833c29783,螘螕螝巍螜危螚 螖螒螤螒螡螚危,0.0,2025-02-26
唯围桅4螣巍螚9-4巍螛,contract:357e8ed803d1,螘螕螝巍螜危螚 螖螒螤螒螡螚危,0.0,2025-02-26
唯唯螞螘螣巍螚9-螖6螠,contract:24b3b59b538b,螘螕螝巍螜危螚 螖螒螤螒螡螚危,0.0,2025-02-26
唯6螔螢螣巍螚9-50惟,contract:915a106ef80c,螘螕螝巍螜危螚 螖螒螤螒螡螚危,0.0,2025-03-06
6203螣巍螚9-5螣0,contract:8c2aa31f96ef,螘螕螝巍螜危螚 螖螒螤螒螡螚危,0.0,2025-03-18
6899螣巍螚9-77韦,contract:55acbd181eaa,螘螕螝巍螜危螚 螖螒螤螒螡螚危,0.0,2025-03-18
6螒韦4螣巍螚9-巍螔5,contract:ddcd0cd6b30b,螘螕螝巍螜危螚 螖螒螤螒螡螚危,0.0,2025-03-18
9螖螝螕螣巍螚9-螔螠螘,contract:856a3005d3f8,螘螕螝巍螜危螚 螖螒螤螒螡螚危,0.0,2025-03-18
9桅桅螙螣巍螚9-螕违5,contract:e66a9d060e25,螘螕螝巍螜危螚 螖螒螤螒螡螚危,0.0,2025-03-18
唯螝螙螤螣巍螚9-102,contract:a33c17e6d6b8,螘螕螝巍螜危螚 螖螒螤螒螡螚危,0.0,2025-03-18
唯惟惟5螣巍螚9-巍螚2,contract:82f0b45ff564,螘螕螝巍螜危螚 螖螒螤螒螡螚危,0.0,2025-03-18
62螤螘螣巍螚9-97巍,contract:5541f2b6c1b7,螘螕螝巍螜危螚 螖螒螤螒螡螚危,0.0,2025-03-27
915螔螣巍螚9-巍惟螞,contract:b281ffc8666b,螞螣螜螤螘危 螒韦螣螠螜螝螘危 螖螜螣螜螝螚韦螜螝螘危 螤巍螒螢螘螜危,0.0,2025-04-03
巍唯4巍螣巍螚9-螞惟9,contract:40350895d2cf,螘螕螝巍螜危螚 螖螒螤螒螡螚危,0.0,2025-04-09
6螛螚螠螣巍螚9-螤螝螞,contract:3fc137175ee4,螘螕螝巍螜危螚 螖螒螤螒螡螚危,0.0,2025-04-10
6螜惟5螣巍螚9-螔15,contract:07f30e0e8ee8,螘螕螝巍螜危螚 螖螒螤螒螡螚危,0.0,2025-04-10
9450螣巍螚9-螙唯螡,contract:7b57172c13f5,螘螕螝巍螜危螚 螖螒螤螒螡螚危,0.0,2025-04-10
9螛螕螝螣巍螚9-韦螔围,contract:fea9d7eb9574,螘螕螝巍螜危螚 螖螒螤螒螡螚危,0.0,2025-04-10
9螛螚螣螣巍螚9-01螣,contract:efb28614960e,螘螕螝巍螜危螚 螖螒螤螒螡螚危,0.0,2025-04-10
9螜螜9螣巍螚9-惟违惟,contract:435ebd51887a,螘螕螝巍螜危螚 螖螒螤螒螡螚危,0.0,2025-04-10
9螠5危螣巍螚9-螢螣螞,contract:417cd7931181,螘螕螝巍螜危螚 螖螒螤螒螡螚危,0.0,2025-04-10
9螢6螜螣巍螚9-螤3螝,contract:5d126ce55a4a,螘螕螝巍螜危螚 螖螒螤螒螡螚危,0.0,2025-04-10
9螢螛9螣巍螚9-螞螝4,contract:9c89dbceec3d,螘螕螝巍螜危螚 螖螒螤螒螡螚危,0.0,2025-04-10
9螣螜1螣巍螚9-4螢螠,contract:937495fcfea2,螘螕螝巍螜危螚 螖螒螤螒螡螚危,0.0,2025-04-10
9螣巍韦螣巍螚9-8巍桅,contract:88b7ba54551d,螘螕螝巍螜危螚 螖螒螤螒螡螚危,0.0,2025-04-10
巍韦韦螞螣巍螚9-8危螖,contract:19d141e23cf1,螘螕螝巍螜危螚 螖螒螤螒螡螚危,0.0,2025-04-10
唯5韦5螣巍螚9-螕螝6,contract:1aea7ad36d79,螘螕螝巍螜危螚 螖螒螤螒螡螚危,0.0,2025-04-10
唯95违螣巍螚9-螔2螢,contract:0153ab3e6850,螘螕螝巍螜危螚 螖螒螤螒螡螚危,0.0,2025-04-10
唯螜螜违螣巍螚9-危9螒,contract:ed1db290432b,螘螕螝巍螜危螚 螖螒螤螒螡螚危,0.0,2025-04-10
唯螞螛危螣巍螚9-螡4螠,contract:2a38acd3c36e,螘螕螝巍螜危螚 螖螒螤螒螡螚危,0.0,2025-04-10
唯螡螡6螣巍螚9-螝2螝,contract:d71e10fa7b16,螘螕螝巍螜危螚 螖螒螤螒螡螚危,0.0,2025-04-10
唯韦韦4螣巍螚9-4桅螠,contract:b3734671705a,螘螕螝巍螜危螚 螖螒螤螒螡螚危,0.0,2025-04-10
6韦7螝螣巍螚9-螔韦8,contract:cd8c406f546b,螘螕螝巍螜危螚 螖螒螤螒螡螚危,0.0,2025-05-09
94螜桅螣巍螚9-2唯巍,contract:acef96441990,螘螕螝巍螜危螚 螖螒螤螒螡螚危,0.0,2025-05-09
95螡违螣巍螚9-螠7违,contract:f8f593b97ce3,螘螕螝巍螜危螚 螖螒螤螒螡螚危,0.0,2025-05-09
9唯违1螣巍螚9-8围螡,contract:c680015125c1,螘螕螝巍螜危螚 螖螒螤螒螡螚危,0.0,2025-05-09
巍6惟桅螣巍螚9-52围,contract:c323e8956adf,螘螕螝巍螜危螚 螖螒螤螒螡螚危,0.0,2025-05-09
唯螔惟1螣巍螚9-螞巍8,contract:95394bfd31b4,螘螕螝巍螜危螚 螖螒螤螒螡螚危,0.0,2025-05-09
唯螝螤螠螣巍螚9-66螖,contract:a6922d31ff83,螘螕螝巍螜危螚 螖螒螤螒螡螚危,0.0,2025-05-09
唯违9巍螣巍螚9-7螕8,contract:c6ac7768d29f,螘螕螝巍螜危螚 螖螒螤螒螡螚危,0.0,2025-05-09
93螖螒螣巍螚9-螘螖5,contract:8c5eaea2bfd6,螘螕螝巍螜危螚 螖螒螤螒螡螚危,0.0,2025-05-14
9螠螡螣螣巍螚9-桅螚螖,contract:bfdec3c6c09e,螞螣螜螤螘危 螒韦螣螠螜螝螘危 螖螜螣螜螝螚韦螜螝螘危 螤巍螒螢螘螜危,0.0,2025-05-20
9螢螣6螣巍螚9-围9螕,contract:7a2a88619136,螞螣螜螤螘危 螒韦螣螠螜螝螘危 螖螜螣螜螝螚韦螜螝螘危 螤巍螒螢螘螜危,0.0,2025-05-20
螘螣螔螤螣巍螚9-螣韦螚,contract:d630436062b0,螞螣螜螤螘危 螒韦螣螠螜螝螘危 螖螜螣螜螝螚韦螜螝螘危 螤巍螒螢螘螜危,0.0,2025-05-20
6韦危螢螣巍螚9-螣6螚,contract:2b901c6901c9,螘螕螝巍螜危螚 螖螒螤螒螡螚危,0.0,2025-05-27
巍螘螘螕螣巍螚9-螔韦螜,contract:254cec8328c3,螘螕螝巍螜危螚 螖螒螤螒螡螚危,0.0,2025-05-27
唯4韦9螣巍螚9-螤2螜,contract:d21a1db60d9f,螘螕螝巍螜危螚 螖螒螤螒螡螚危,0.0,2025-05-27
唯螒06螣巍螚9-螘0惟,contract:cebdd2fcd88e,螘螕螝巍螜危螚 螖螒螤螒螡螚危,0.0,2025-05-27
唯韦螔桅螣巍螚9-韦螚螡,contract:cadabda20c7d,螘螕螝巍螜危螚 螖螒螤螒螡螚危,0.0,2025-05-27
唯7违螢螣巍螚9-螔螡螕,contract:d784d59f9b27,螘螕螝巍螜危螚 螖螒螤螒螡螚危,0.0,2025-06-13
6螒3螜螣巍螚9-螛2危,contract:7a1ce9ff2cca,螘螕螝巍螜危螚 螖螒螤螒螡螚危,0.0,2025-06-16
9螔螙螔螣巍螚9-螒3螜,contract:070e02424ef5,螘螕螝巍螜危螚 螖螒螤螒螡螚危,0.0,2025-06-16
9螤螝违螣巍螚9-8螜螕,contract:667066a852ea,螘螕螝巍螜危螚 螖螒螤螒螡螚危,0.0,2025-06-16
9危螝螔螣巍螚9-7螚螙,contract:37397fca225c,螘螕螝巍螜危螚 螖螒螤螒螡螚危,0.0,2025-06-16
9违巍螢螣巍螚9-螔螝螕,contract:a793af1ee785,螘螕螝巍螜危螚 螖螒螤螒螡螚危,0.0,2025-06-16
9桅唯桅螣巍螚9-028,contract:9b0647f559b2,螘螕螝巍螜危螚 螖螒螤螒螡螚危,0.0,2025-06-16
巍6螢螖螣巍螚9-违围螙,contract:ccb2ffd62d39,螘螕螝巍螜危螚 螖螒螤螒螡螚危,0.0,2025-06-16
唯7螙唯螣巍螚9-巍3惟,contract:cf186c3e70c0,螘螕螝巍螜危螚 螖螒螤螒螡螚危,0.0,2025-06-16
唯螡螕螕螣巍螚9-4韦螚,contract:043aeab5c507,螘螕螝巍螜危螚 螖螒螤螒螡螚危,0.0,2025-06-16
唯螡螤4螣巍螚9-唯围5,contract:e349ed943d1f,螘螕螝巍螜危螚 螖螒螤螒螡螚危,0.0,2025-06-16
唯围螝螘螣巍螚9-螕桅螙,contract:2b278fcd8c8c,螘螕螝巍螜危螚 螖螒螤螒螡螚危,0.0,2025-06-16
6螕唯螞螣巍螚9-螝0惟,contract:6f0280f54506,螘螕螝巍螜危螚 螖螒螤螒螡螚危,0.0,2025-06-17
唯桅巍1螣巍螚9-螚螕螖,contract:e5ccc205e267,螘螕螝巍螜危螚 螖螒螤螒螡螚危,0.0,2025-06-24
60桅唯螣巍螚9-唯危螒,contract:cbe9842c4b2f,螘螕螝巍螜危螚 螖螒螤螒螡螚危,0.0,2025-07-04
巍螘2违螣巍螚9-螛惟螠,contract:dc7d13c17302,螘螕螝巍螜危螚 螖螒螤螒螡螚危,0.0,2025-07-04
唯韦10螣巍螚9-螙螝螝,contract:e5e75f0cb9eb,螘螕螝巍螜危螚 螖螒螤螒螡螚危,0.0,2025-07-04
唯违23螣巍螚9-螤螠螝,contract:817d025e0394,螘螕螝巍螜危螚 螖螒螤螒螡螚危,0.0,2025-07-04
唯058螣巍螚9-90螢,contract:3317c5387ee0,螘螕螝巍螜危螚 螖螒螤螒螡螚危,0.0,2025-07-08
6螚7螕螣巍螚9-9螘螠,contract:afcb67c27b59,螘螕螝巍螜危螚 螖螒螤螒螡螚危,0.0,2025-08-07
97螚螙螣巍螚9-螡2危,contract:f633d1ebac61,螘螕螝巍螜危螚 螖螒螤螒螡螚危,0.0,2025-08-07
9螘2惟螣巍螚9-桅39,contract:479506560167,螘螕螝巍螜危螚 螖螒螤螒螡螚危,0.0,2025-08-07
巍螞惟螞螣巍螚9-6螢7,contract:da783a92aa14,螞螣螜螤螘危 螒韦螣螠螜螝螘危 螖螜螣螜螝螚韦螜螝螘危 螤巍螒螢螘螜危,0.0,2025-08-07
唯螠1螞螣巍螚9-14螤,contract:8cf06bce22e9,螘螕螝巍螜危螚 螖螒螤螒螡螚危,0.0,2025-08-07
唯韦螠0螣巍螚9-5围桅,contract:31fae0ba33cd,螘螕螝巍螜危螚 螖螒螤螒螡螚危,0.0,2025-08-07
62螜7螣巍螚9-8唯7,contract:797f0b39785f,螘螕螝巍螜危螚 螖螒螤螒螡螚危,0.0,2025-09-05
97韦9螣巍螚9-85螠,contract:5e4149fe507d,螘螕螝巍螜危螚 螖螒螤螒螡螚危,0.0,2025-09-05
9螙螖巍螣巍螚9-危韦7,contract:d4d6b2c48551,螘螕螝巍螜危螚 螖螒螤螒螡螚危,0.0,2025-09-05
9螝螛5螣巍螚9-螣8唯,contract:25a41c6258b3,螘螕螝巍螜危螚 螖螒螤螒螡螚危,0.0,2025-09-05
巍螚螞0螣巍螚9-31螜,contract:21efb216df74,螘螕螝巍螜危螚 螖螒螤螒螡螚危,0.0,2025-09-05
巍螢巍巍螣巍螚9-5违螞,contract:c31c64cdc312,螘螕螝巍螜危螚 螖螒螤螒螡螚危,0.0,2025-09-05
唯5螞巍螣巍螚9-2桅螤,contract:bc15b1032e9e,螘螕螝巍螜危螚 螖螒螤螒螡螚危,0.0,2025-09-05
唯螡韦螔螣巍螚9-1唯4,contract:1175ba4bc765,螘螕螝巍螜危螚 螖螒螤螒螡螚危,0.0,2025-09-05
唯危危螞螣巍螚9-螕螚2,contract:ea9bd2a3bac9,螘螕螝巍螜危螚 螖螒螤螒螡螚危,0.0,2025-09-05
唯韦1围螣巍螚9-违79,contract:797847c6377e,螞螣螜螤螘危 螒韦螣螠螜螝螘危 螖螜螣螜螝螚韦螜螝螘危 螤巍螒螢螘螜危,0.0,2025-09-05
6螕螔8螣巍螚9-螛巍螙,contract:4dbe13c0231b,螘螕螝巍螜危螚 螖螒螤螒螡螚危,0.0,2025-10-02
9螢2韦螣巍螚9-6螒螜,contract:a65efa29dbb0,螘螕螝巍螜危螚 螖螒螤螒螡螚危,0.0,2025-10-02
巍桅螕7螣巍螚9-85螡,contract:a595507ed589,螘螕螝巍螜危螚 螖螒螤螒螡螚危,0.0,2025-10-02
95螠韦螣巍螚9-6螠3,contract:e217a7272bb9,螘螕螝巍螜危螚 螖螒螤螒螡螚危,0.0,2025-10-31
9螢韦螝螣巍螚9-螞3螖,contract:0ba6a72bfb83,螘螕螝巍螜危螚 螖螒螤螒螡螚危,0.0,2025-10-31
巍螒韦违螣巍螚9-螝惟7,contract:6b08f1176677,螘螕螝巍螜危螚 螖螒螤螒螡螚危,0.0,2025-10-31
唯螜螖螜螣巍螚9-惟30,contract:be4dd06097e2,螘螕螝巍螜危螚 螖螒螤螒螡螚危,0.0,2025-10-31
唯危螔巍螣巍螚9-螤2围,contract:0c6e974b7da4,螞螣螜螤螘危 螒韦螣螠螜螝螘危 螖螜螣螜螝螚韦螜螝螘危 螤巍螒螢螘螜危,0.0,2025-10-31
6螒螔螚螣巍螚9-螘螜螙,contract:dea428a23baa,螘螕螝巍螜危螚 螖螒螤螒螡螚危,0.0,2025-11-17
609螒螣巍螚9-螣螕螞,contract:f9113187da37,螘螕螝巍螜危螚 螖螒螤螒螡螚危,0.0,2025-11-20
60螛螔螣巍螚9-巍惟螚,contract:de3ac77dfbf8,螘螕螝巍螜危螚 螖螒螤螒螡螚危,0.0,2025-11-20
61螠6螣巍螚9-螤围螤,contract:282b4dc7e3ee,螘螕螝巍螜危螚 螖螒螤螒螡螚危,0.0,2025-11-20
6螜0违螣巍螚9-螝围螚,contract:9dc8cb7b1a8d,螘螕螝巍螜危螚 螖螒螤螒螡螚危,0.0,2025-11-20
91违螤螣巍螚9-32螒,contract:0d8834bd931d,螘螕螝巍螜危螚 螖螒螤螒螡螚危,0.0,2025-11-20
9螣螜违螣巍螚9-螕4螝,contract:659f6e71dc0e,螘螕螝巍螜危螚 螖螒螤螒螡螚危,0.0,2025-11-20
巍1螝2螣巍螚9-螢9螢,contract:f6742918b4e0,螘螕螝巍螜危螚 螖螒螤螒螡螚危,0.0,2025-11-20
唯1唯唯螣巍螚9-螚螛螤,contract:5d789c652fe4,螘螕螝巍螜危螚 螖螒螤螒螡螚危,0.0,2025-11-20
唯34围螣巍螚9-螘98,contract:b8730a407006,螘螕螝巍螜危螚 螖螒螤螒螡螚危,0.0,2025-11-20
唯7惟螚螣巍螚9-2违1,contract:744ec9afa5c6,螘螕螝巍螜危螚 螖螒螤螒螡螚危,0.0,2025-11-20
唯韦桅6螣巍螚9-螞4螛,contract:39f80e71acc7,螘螕螝巍螜危螚 螖螒螤螒螡螚危,0.0,2025-11-20
9螤螢7螣巍螚9-螣7螡,contract:ac5791ae4e3d,螘螕螝巍螜危螚 螖螒螤螒螡螚危,0.0,2025-11-27
608螣螣巍螚9-7桅螜,contract:5a84f12626e0,螘螕螝巍螜危螚 螖螒螤螒螡螚危,0.0,2025-12-05
6螠螞巍螣巍螚9-3违螒,contract:5d24d3ec91c2,螘螕螝巍螜危螚 螖螒螤螒螡螚危,0.0,2025-12-05
6违螘螛螣巍螚9-0巍危,contract:bb367ece34c5,螘螕螝巍螜危螚 螖螒螤螒螡螚危,0.0,2025-12-05
90围韦螣巍螚9-6螘5,contract:c24412179ed7,螘螕螝巍螜危螚 螖螒螤螒螡螚危,0.0,2025-12-05
912螒螣巍螚9-螛螜螙,contract:d7174e4628a2,螘螕螝巍螜危螚 螖螒螤螒螡螚危,0.0,2025-12-05
93螕4螣巍螚9-螘7螜,contract:13861e5bf2b4,螘螕螝巍螜危螚 螖螒螤螒螡螚危,0.0,2025-12-05
9韦5违螣巍螚9-巍惟危,contract:11732bd5d6cd,螘螕螝巍螜危螚 螖螒螤螒螡螚危,0.0,2025-12-05
巍1违8螣巍螚9-332,contract:27c97eb33672,螘螕螝巍螜危螚 螖螒螤螒螡螚危,0.0,2025-12-05
巍2螔韦螣巍螚9-9螔螙,contract:35298442bcff,螘螕螝巍螜危螚 螖螒螤螒螡螚危,0.0,2025-12-05
巍3螒违螣巍螚9-螘围巍,contract:134f8e3e9dcd,螘螕螝巍螜危螚 螖螒螤螒螡螚危,0.0,2025-12-05
巍9螚巍螣巍螚9-螛4螝,contract:3bbfab6715a2,螘螕螝巍螜危螚 螖螒螤螒螡螚危,0.0,2025-12-05
巍螔螠螖螣巍螚9-8巍螝,contract:72192df80ba1,螘螕螝巍螜危螚 螖螒螤螒螡螚危,0.0,2025-12-05
巍螕螖6螣巍螚9-螣围桅,contract:ecd527b12cd1,螘螕螝巍螜危螚 螖螒螤螒螡螚危,0.0,2025-12-05
巍螙韦6螣巍螚9-820,contract:ce6faa40890b,螘螕螝巍螜危螚 螖螒螤螒螡螚危,0.0,2025-12-05
巍螤螖6螣巍螚9-危4惟,contract:0f0a65fcd469,螘螕螝巍螜危螚 螖螒螤螒螡螚危,0.0,2025-12-05
巍巍螒螤螣巍螚9-螒危螕,contract:0cf9935fe8d0,螘螕螝巍螜危螚 螖螒螤螒螡螚危,0.0,2025-12-05
巍唯83螣巍螚9-螢巍螝,contract:283b4b408f4d,螘螕螝巍螜危螚 螖螒螤螒螡螚危,0.0,2025-12-05
唯921螣巍螚9-25螒,contract:c7d5c595b665,螘螕螝巍螜危螚 螖螒螤螒螡螚危,0.0,2025-12-05
唯螞唯螣螣巍螚9-危螔8,contract:94eddb449659,螘螕螝巍螜危螚 螖螒螤螒螡螚危,0.0,2025-12-05
唯螡螢螖螣巍螚9-螠螜3,contract:2102cbb2d375,螘螕螝巍螜危螚 螖螒螤螒螡螚危,0.0,2025-12-05
唯螢3螘螣巍螚9-螘9螙,contract:c451f4347635,螘螕螝巍螜危螚 螖螒螤螒螡螚危,0.0,2025-12-05
唯螢唯螕螣巍螚9-违巍螤,contract:1f480e4dbb51,螘螕螝巍螜危螚 螖螒螤螒螡螚危,0.0,2025-12-05
唯韦螤螖螣巍螚9-唯4螡,contract:9006d8b7f78b,螘螕螝巍螜危螚 螖螒螤螒螡螚危,0.0,2025-12-05
唯围29螣巍螚9-螖螛9,contract:377288d3a002,螘螕螝巍螜危螚 螖螒螤螒螡螚危,0.0,2025-12-08
6违桅螣螣巍螚9-螜唯0,contract:40a1bd76c98c,螘螕螝巍螜危螚 螖螒螤螒螡螚危,0.0,2025-12-16
9螝螣螙螣巍螚9-螙桅1,contract:ead57a69e803,螘螕螝巍螜危螚 螖螒螤螒螡螚危,0.0,2025-12-16
9巍1桅螣巍螚9-4螠唯,contract:bbdeea51af70,螘螕螝巍螜危螚 螖螒螤螒螡螚危,0.0,2025-12-16
9惟危螢螣巍螚9-唯螞螘,contract:e63c3defd214,螘螕螝巍螜危螚 螖螒螤螒螡螚危,0.0,2025-12-16
螘螤围螕螣巍螚9-围惟危,contract:d1bef12df206,螘螕螝巍螜危螚 螖螒螤螒螡螚危,0.0,2025-12-16
巍2桅惟螣巍螚9-42螕,contract:9eac33def636,螘螕螝巍螜危螚 螖螒螤螒螡螚危,0.0,2025-12-16
巍螝螜桅螣巍螚9-螚唯围,contract:9d55df7adafb,螘螕螝巍螜危螚 螖螒螤螒螡螚危,0.0,2025-12-16
唯7巍螚螣巍螚9-围螣5,contract:d7963c657499,螘螕螝巍螜危螚 螖螒螤螒螡螚危,0.0,2025-12-16
唯桅螝螣螣巍螚9-桅螔螢,contract:c6bdb0027a4c,螘螕螝巍螜危螚 螖螒螤螒螡螚危,0.0,2025-12-16
唯桅螠惟螣巍螚9-螚螖巍,contract:0f7757e8f4ad,螘螕螝巍螜危螚 螖螒螤螒螡螚危,0.0,2025-12-16
63唯3螣巍螚9-螕唯唯,contract:56bbb19bfda6,螘螕螝巍螜危螚 螖螒螤螒螡螚危,0.0,2025-12-18
92唯螝螣巍螚9-违1韦,contract:4e3d12331f06,螘螕螝巍螜危螚 螖螒螤螒螡螚危,0.0,2025-12-18
唯螘桅螚螣巍螚9-87唯,contract:9355eb0882a0,螘螕螝巍螜危螚 螖螒螤螒螡螚危,0.0,2025-12-18
巍螘6唯螣巍螚9-5螜螡,contract:8a0e3317360e,螘螕螝巍螜危螚 螖螒螤螒螡螚危,0.0,2025-12-19
62螝7螣巍螚9-韦巍惟,contract:5f82a9d6aa95,螘螕螝巍螜危螚 螖螒螤螒螡螚危,0.0,2025-12-22
65螡螜螣巍螚9-2螢螛,contract:e97b9cbfbed4,螘螕螝巍螜危螚 螖螒螤螒螡螚危,0.0,2025-12-22
68螖螕螣巍螚9-围3螘,contract:d062af10d36d,螘螕螝巍螜危螚 螖螒螤螒螡螚危,0.0,2025-12-22
6危螒螕螣巍螚9-91螘,contract:3e207c681942,螘螕螝巍螜危螚 螖螒螤螒螡螚危,0.0,2025-12-22
6危螣螒螣巍螚9-螠螕螜,contract:cb352ee339df,螘螕螝巍螜危螚 螖螒螤螒螡螚危,0.0,2025-12-22
6韦40螣巍螚9-巍螠螡,contract:daaa464ec8c4,螘螕螝巍螜危螚 螖螒螤螒螡螚危,0.0,2025-12-22
6韦螘2螣巍螚9-7螜8,contract:fd4dbb178916,螘螕螝巍螜危螚 螖螒螤螒螡螚危,0.0,2025-12-22
9唯螚1螣巍螚9-螞6围,contract:8c558795a684,螘螕螝巍螜危螚 螖螒螤螒螡螚危,0.0,2025-12-22
巍螔螞巍螣巍螚9-26韦,contract:c55e754f1080,螘螕螝巍螜危螚 螖螒螤螒螡螚危,0.0,2025-12-22
巍螣危韦螣巍螚9-螖螘4,contract:78453d34ff16,螘螕螝巍螜危螚 螖螒螤螒螡螚危,0.0,2025-12-22
唯螜螖螡螣巍螚9-危螖韦,contract:dbd7cf590154,螘螕螝巍螜危螚 螖螒螤螒螡螚危,0.0,2025-12-22
巍1危螢螣巍螚9-螤螝围,contract:d9fda34f8d5d,螘螕螝巍螜危螚 螖螒螤螒螡螚危,0.0,2025-12-23
唯围5螢螣巍螚9-螚7惟,contract:3ea0993b4846,螘螕螝巍螜危螚 螖螒螤螒螡螚危,0.0,2025-12-23
唯螤7螣螣巍螚9-螝螒9,contract:5aa3fdc25f23,螘螕螝巍螜危螚 螖螒螤螒螡螚危,0.0,2025-12-24
62螙4螣巍螚9-螕2螚,contract:924842cf0cd5,螘螕螝巍螜危螚 螖螒螤螒螡螚危,0.0,2026-01-15
6螒40螣巍螚9-螤螡9,contract:fdfb9d117d16,螘螕螝巍螜危螚 螖螒螤螒螡螚危,0.0,2026-01-15
6螖围围螣巍螚9-1螣韦,contract:1d9b8b30164d,螘螕螝巍螜危螚 螖螒螤螒螡螚危,0.0,2026-01-15
6螙6螤螣巍螚9-唯韦螛,contract:0f7b494eebc1,螘螕螝巍螜危螚 螖螒螤螒螡螚危,0.0,2026-01-15
94螘螛螣巍螚9-惟违螢,contract:11bf488d979c,螘螕螝巍螜危螚 螖螒螤螒螡螚危,0.0,2026-01-15
955唯螣巍螚9-7螞唯,contract:c586907ed778,螘螕螝巍螜危螚 螖螒螤螒螡螚危,0.0,2026-01-15
97巍3螣巍螚9-螢螜4,contract:2d13865e0abb,螘螕螝巍螜危螚 螖螒螤螒螡螚危,0.0,2026-01-15
9螘唯围螣巍螚9-螜螡螞,contract:d09c779c07eb,螘螕螝巍螜危螚 螖螒螤螒螡螚危,0.0,2026-01-15
9螚韦螔螣巍螚9-螔33,contract:8fa5efacd18b,螘螕螝巍螜危螚 螖螒螤螒螡螚危,0.0,2026-01-15
9螛螚6螣巍螚9-螒螕巍,contract:db04b34656d7,螘螕螝巍螜危螚 螖螒螤螒螡螚危,0.0,2026-01-15
9危螜4螣巍螚9-螣螒韦,contract:3b75ee819970,螘螕螝巍螜危螚 螖螒螤螒螡螚危,0.0,2026-01-15
9韦违6螣巍螚9-螤螔螒,contract:230e8e5549a6,螘螕螝巍螜危螚 螖螒螤螒螡螚危,0.0,2026-01-15
9围螛韦螣巍螚9-螣危2,contract:985738b90402,螘螕螝巍螜危螚 螖螒螤螒螡螚危,0.0,2026-01-15
9惟螞0螣巍螚9-7螡0,contract:87f0efdba365,螘螕螝巍螜危螚 螖螒螤螒螡螚危,0.0,2026-01-15
螘螤螡螤螣巍螚9-违惟2,contract:1f07defa75c8,螘螕螝巍螜危螚 螖螒螤螒螡螚危,0.0,2026-01-15
巍4螜螖螣巍螚9-螞5危,contract:02b28d7d064a,螘螕螝巍螜危螚 螖螒螤螒螡螚危,0.0,2026-01-15
巍螔唯螒螣巍螚9-螚2围,contract:c2125ef1abbe,螘螕螝巍螜危螚 螖螒螤螒螡螚危,0.0,2026-01-15
巍螖螞2螣巍螚9-危危螙,contract:65fc3bd2f25c,螘螕螝巍螜危螚 螖螒螤螒螡螚危,0.0,2026-01-15
巍螘螠螛螣巍螚9-螙螢7,contract:4567e3a2b4cf,螘螕螝巍螜危螚 螖螒螤螒螡螚危,0.0,2026-01-15
巍螙螖螕螣巍螚9-螝危8,contract:7720e607ca50,螘螕螝巍螜危螚 螖螒螤螒螡螚危,0.0,2026-01-15
唯7螤螖螣巍螚9-1唯惟,contract:75e42adfd164,螘螕螝巍螜危螚 螖螒螤螒螡螚危,0.0,2026-01-15
唯螙12螣巍螚9-3螛7,contract:512f2ce2606e,螘螕螝巍螜危螚 螖螒螤螒螡螚危,0.0,2026-01-15
唯螚5螜螣巍螚9-危螣螜,contract:406d317b2287,螘螕螝巍螜危螚 螖螒螤螒螡螚危,0.0,2026-01-15
唯违螒螖螣巍螚9-螤34,contract:ee01518e3d09,螘螕螝巍螜危螚 螖螒螤螒螡螚危,0.0,2026-01-15
9螛韦8螣巍螚9-螝桅3,contract:682c54e594e8,螞螣螜螤螘危 螒韦螣螠螜螝螘危 螖螜螣螜螝螚韦螜螝螘危 螤巍螒螢螘螜危,0.0,2026-01-26
6危螒0螣巍螚9-螠桅螕,contract:025568450848,螘螕螝巍螜危螚 螖螒螤螒螡螚危,0.0,2026-02-02
6违螜8螣巍螚9-围螝螙,contract:933d117e7ddd,螞螣螜螤螘危 螒韦螣螠螜螝螘危 螖螜螣螜螝螚韦螜螝螘危 螤巍螒螢螘螜危,0.0,2026-02-11
6螖唯桅螣巍螚9-危螜螠,contract:227b68bda801,螘螕螝巍螜危螚 螖螒螤螒螡螚危,0.0,2026-03-17
6螡惟螣螣巍螚9-巍47,contract:f95b733ff63d,螘螕螝巍螜危螚 螖螒螤螒螡螚危,0.0,2026-03-17
9螚螡2螣巍螚9-螔桅螙,contract:68a96f2a55c3,螘螕螝巍螜危螚 螖螒螤螒螡螚危,0.0,2026-03-17
巍6围7螣巍螚9-5惟违,contract:45130fd38dbb,螘螕螝巍螜危螚 螖螒螤螒螡螚危,0.0,2026-03-17
巍7螤螒螣巍螚9-5唯3,contract:f4047fce4599,螘螕螝巍螜危螚 螖螒螤螒螡螚危,0.0,2026-03-17
巍螤巍9螣巍螚9-螢螝违,contract:0edee10b354c,螘螕螝巍螜危螚 螖螒螤螒螡螚危,0.0,2026-03-17
唯螔螞危螣巍螚9-螘螠螕,contract:8b4894dbc0b6,螘螕螝巍螜危螚 螖螒螤螒螡螚危,0.0,2026-03-17
唯螘2螙螣巍螚9-螡螚9,contract:b1a308608456,螘螕螝巍螜危螚 螖螒螤螒螡螚危,0.0,2026-03-17
唯螢4螒螣巍螚9-螖螛螛,contract:1c1a12b2c893,螘螕螝巍螜危螚 螖螒螤螒螡螚危,0.0,2026-03-17
唯巍4螠螣巍螚9-螕螘围,contract:047407631ca9,螘螕螝巍螜危螚 螖螒螤螒螡螚危,0.0,2026-03-17
63螝螘螣巍螚9-螔惟韦,contract:852388ab6c0c,螘螕螝巍螜危螚 螖螒螤螒螡螚危,0.0,2026-03-18
6危螚6螣巍螚9-螔螝螡,contract:d17b68bb9c64,螘螕螝巍螜危螚 螖螒螤螒螡螚危,0.0,2026-03-18
97螜螤螣巍螚9-1螜螕,contract:e99516f96903,螘螕螝巍螜危螚 螖螒螤螒螡螚危,0.0,2026-03-18
986螛螣巍螚9-螜5惟,contract:0ac3f6a906c2,螘螕螝巍螜危螚 螖螒螤螒螡螚危,0.0,2026-03-18
98巍螖螣巍螚9-螠螠9,contract:4dd8170ff8ca,螘螕螝巍螜危螚 螖螒螤螒螡螚危,0.0,2026-03-18
9螕螡螜螣巍螚9-桅1螕,contract:d66df95ad075,螘螕螝巍螜危螚 螖螒螤螒螡螚危,0.0,2026-03-18
9螛螜2螣巍螚9-34围,contract:477a14fc2795,螘螕螝巍螜危螚 螖螒螤螒螡螚危,0.0,2026-03-18
9惟螘螙螣巍螚9-螡螢螤,contract:74b8074995ee,螘螕螝巍螜危螚 螖螒螤螒螡螚危,0.0,2026-03-18
巍螞螛2螣巍螚9-螛螖螔,contract:093cfdda56d5,螘螕螝巍螜危螚 螖螒螤螒螡螚危,0.0,2026-03-18
巍螣螞8螣巍螚9-螘7螛,contract:86a9dfc170da,螘螕螝巍螜危螚 螖螒螤螒螡螚危,0.0,2026-03-18
巍螤违螒螣巍螚9-螕螠螔,contract:4bb3e8e9927a,螘螕螝巍螜危螚 螖螒螤螒螡螚危,0.0,2026-03-18
唯螚螢5螣巍螚9-3螒螡,contract:3815ed49c61a,螘螕螝巍螜危螚 螖螒螤螒螡螚危,0.0,2026-03-18
唯螜螛9螣巍螚9-螜惟惟,contract:d6c3c0b24701,螘螕螝巍螜危螚 螖螒螤螒螡螚危,0.0,2026-03-18
唯螤螘螠螣巍螚9-螛螡螠,contract:55739b2f6eb5,螘螕螝巍螜危螚 螖螒螤螒螡螚危,0.0,2026-03-18
巍螛唯危螣巍螚9-螤螢5,contract:2f0a9423a61e,螘螕螝巍螜危螚 螖螒螤螒螡螚危,0.0,2026-03-19
9围螙3螣巍螚9-1违螚,contract:dca55af750de,螘螕螝巍螜危螚 螖螒螤螒螡螚危,0.0,2026-03-24
6韦4螘螣巍螚9-60围,contract:0f5515f51637,螘螕螝巍螜危螚 螖螒螤螒螡螚危,0.0,2026-03-31
90螣桅螣巍螚9-韦螕1,contract:cf454e1337a2,螘螕螝巍螜危螚 螖螒螤螒螡螚危,0.0,2026-03-31
98螣桅螣巍螚9-1螛0,contract:c72a7ba8b227,螘螕螝巍螜危螚 螖螒螤螒螡螚危,0.0,2026-03-31
9螕4螞螣巍螚9-8桅惟,contract:a43dd7792e4c,螘螕螝巍螜危螚 螖螒螤螒螡螚危,0.0,2026-03-31
9螙8惟螣巍螚9-4螢螠,contract:d90bf37816c6,螘螕螝巍螜危螚 螖螒螤螒螡螚危,0.0,2026-03-31
9螠螠螔螣巍螚9-8螘违,contract:1611b22f4b3e,螘螕螝巍螜危螚 螖螒螤螒螡螚危,0.0,2026-03-31
9螤77螣巍螚9-螣危9,contract:b17bd90a7fea,螘螕螝巍螜危螚 螖螒螤螒螡螚危,0.0,2026-03-31
9危1螕螣巍螚9-螒螢螒,contract:97327e47aa99,螘螕螝巍螜危螚 螖螒螤螒螡螚危,0.0,2026-03-31
9韦螕0螣巍螚9-危违螘,contract:c15c7c9cd5e8,螘螕螝巍螜危螚 螖螒螤螒螡螚危,0.0,2026-03-31
巍螜巍螜螣巍螚9-危螖1,contract:a73345294578,螘螕螝巍螜危螚 螖螒螤螒螡螚危,0.0,2026-03-31
巍螤87螣巍螚9-螔螒5,contract:7b02e140683c,螘螕螝巍螜危螚 螖螒螤螒螡螚危,0.0,2026-03-31
巍围5螖螣巍螚9-惟围0,contract:4cdde6d022e5,螘螕螝巍螜危螚 螖螒螤螒螡螚危,0.0,2026-03-31
唯26围螣巍螚9-螡螡螡,contract:e6c8d952ffac,螘螕螝巍螜危螚 螖螒螤螒螡螚危,0.0,2026-03-31
唯9螣螣螣巍螚9-螣螜螣,contract:0e8534aeb6a6,螘螕螝巍螜危螚 螖螒螤螒螡螚危,0.0,2026-03-31
唯螣螞螡螣巍螚9-螢3螝,contract:d69d182e09b0,螘螕螝巍螜危螚 螖螒螤螒螡螚危,0.0,2026-03-31
唯螢螛螜螣巍螚9-9螚螞,contract:b55d113bcde1,螘螕螝巍螜危螚 螖螒螤螒螡螚危,0.0,2026-04-03
6螙螒1螣巍螚9-围围4,contract:445bba126f66,螘螕螝巍螜危螚 螖螒螤螒螡螚危,0.0,2026-04-06
90唯螒螣巍螚9-8螞螡,contract:70bfd18b1915,螘螕螝巍螜危螚 螖螒螤螒螡螚危,0.0,2026-04-06
91违1螣巍螚9-螒6螒,contract:c8718c980309,螘螕螝巍螜危螚 螖螒螤螒螡螚危,0.0,2026-04-06
9围0螤螣巍螚9-4螞螜,contract:6309a9d454eb,螘螕螝巍螜危螚 螖螒螤螒螡螚危,0.0,2026-04-06
巍76螖螣巍螚9-5螞违,contract:deb44801a2d7,螘螕螝巍螜危螚 螖螒螤螒螡螚危,0.0,2026-04-06
巍桅螚螛螣巍螚9-螘唯螝,contract:a5daafc0a9a5,螘螕螝巍螜危螚 螖螒螤螒螡螚危,0.0,2026-04-06
巍惟唯螕螣巍螚9-巍违螘,contract:26f2480935b3,螘螕螝巍螜危螚 螖螒螤螒螡螚危,0.0,2026-04-06
唯螘围螝螣巍螚9-螣韦0,contract:60962b324725,螘螕螝巍螜危螚 螖螒螤螒螡螚危,0.0,2026-04-08
995螔螣巍螚9-螙04,contract:61a7168fcddd,螘螕螝巍螜危螚 螖螒螤螒螡螚危,0.0,2026-04-17
995惟螣巍螚9-3螒6,contract:cefb5035618f,螘螕螝巍螜危螚 螖螒螤螒螡螚危,0.0,2026-04-17
9螞6唯螣巍螚9-螞巍螘,contract:c4bda8307290,螘螕螝巍螜危螚 螖螒螤螒螡螚危,0.0,2026-04-17
9巍螖螢螣巍螚9-螡巍螣,contract:765123d11c7c,螘螕螝巍螜危螚 螖螒螤螒螡螚危,0.0,2026-04-17
巍螢螘螞螣巍螚9-螝螝6,contract:ba3eef339008,螘螕螝巍螜危螚 螖螒螤螒螡螚危,0.0,2026-04-17
巍危螝0螣巍螚9-韦螔螛,contract:8ce7216b8d46,螘螕螝巍螜危螚 螖螒螤螒螡螚危,0.0,2026-04-17
巍违16螣巍螚9-螙螖螙,contract:035f663d6c0d,螘螕螝巍螜危螚 螖螒螤螒螡螚危,0.0,2026-04-17
唯0螝螛螣巍螚9-螖巍螙,contract:e05351f94309,螘螕螝巍螜危螚 螖螒螤螒螡螚危,0.0,2026-04-17
唯76唯螣巍螚9-螘危6,contract:a5848b60b6ec,螘螕螝巍螜危螚 螖螒螤螒螡螚危,0.0,2026-04-17
唯螙螡螠螣巍螚9-桅桅8,contract:73168a435c55,螘螕螝巍螜危螚 螖螒螤螒螡螚危,0.0,2026-04-17
唯违螖螔螣巍螚9-唯围1,contract:b9a8ff764bce,螘螕螝巍螜危螚 螖螒螤螒螡螚危,0.0,2026-04-17
6螙1螡螣巍螚9-唯螜螛,contract:345298c56deb,螘螕螝巍螜危螚 螖螒螤螒螡螚危,0.0,2026-04-29
91螤8螣巍螚9-巍韦螙,contract:c09aa8547a21,螘螕螝巍螜危螚 螖螒螤螒螡螚危,0.0,2026-04-29
94螠8螣巍螚9-违螖惟,contract:06552a3221dd,螘螕螝巍螜危螚 螖螒螤螒螡螚危,0.0,2026-04-29
9螛5螖螣巍螚9-3螒危,contract:d2c09698a0d9,螘螕螝巍螜危螚 螖螒螤螒螡螚危,0.0,2026-04-29
9螣8螤螣巍螚9-3螚巍,contract:c93a8ca45620,螘螕螝巍螜危螚 螖螒螤螒螡螚危,0.0,2026-04-29
9围螔螕螣巍螚9-079,contract:b9afd997757c,螘螕螝巍螜危螚 螖螒螤螒螡螚危,0.0,2026-04-29
螘惟螣巍螣巍螚9-螚螣6,contract:f03c3d4131f3,螘螕螝巍螜危螚 螖螒螤螒螡螚危,0.0,2026-04-29
巍66螚螣巍螚9-螞螚螔,contract:16766205773a,螘螕螝巍螜危螚 螖螒螤螒螡螚危,0.0,2026-04-29
巍巍螙9螣巍螚9-螝螡螤,contract:59a197efe5e0,螘螕螝巍螜危螚 螖螒螤螒螡螚危,0.0,2026-04-29
唯3桅螞螣巍螚9-螚10,contract:aa88c284a013,螘螕螝巍螜危螚 螖螒螤螒螡螚危,0.0,2026-04-29
唯7螜危螣巍螚9-螝巍6,contract:fb81fa0848e0,螘螕螝巍螜危螚 螖螒螤螒螡螚危,0.0,2026-04-29
唯螝2惟螣巍螚9-螘韦惟,contract:5559914793f9,螘螕螝巍螜危螚 螖螒螤螒螡螚危,0.0,2026-04-29
唯围螚螞螣巍螚9-6螡螚,contract:3306b45f9099,螘螕螝巍螜危螚 螖螒螤螒螡螚危,0.0,2026-04-29
6螖7螙螣巍螚9-危螠螚,contract:9e1399f003cf,螘螕螝巍螜危螚 螖螒螤螒螡螚危,0.0,2026-05-04
6韦6韦螣巍螚9-1螖螙,contract:e0ec74601faa,螘螕螝巍螜危螚 螖螒螤螒螡螚危,0.0,2026-05-04
9螡23螣巍螚9-螠违4,contract:36daa7f666d0,螘螕螝巍螜危螚 螖螒螤螒螡螚危,0.0,2026-05-12
634螠螣巍螚9-违螕韦,contract:6b150dc7815c,螘螕螝巍螜危螚 螖螒螤螒螡螚危,0.0,2026-05-14
6螖螝螙螣巍螚9-螘1螒,contract:f0c97822e8f6,螘螕螝巍螜危螚 螖螒螤螒螡螚危,0.0,2026-05-14
97螚螚螣巍螚9-9惟3,contract:353be1aa4fb4,螘螕螝巍螜危螚 螖螒螤螒螡螚危,0.0,2026-05-14
9危螕8螣巍螚9-螡螒螡,contract:fd9139a90f83,螘螕螝巍螜危螚 螖螒螤螒螡螚危,0.0,2026-05-14
9唯螘韦螣巍螚9-螞螒违,contract:b0bf254c95c1,螘螕螝巍螜危螚 螖螒螤螒螡螚危,0.0,2026-05-14
巍6螔惟螣巍螚9-螕桅螠,contract:491081d9049d,螘螕螝巍螜危螚 螖螒螤螒螡螚危,0.0,2026-05-14
巍螞6螛螣巍螚9-螤惟螝,contract:283c57549878,螘螕螝巍螜危螚 螖螒螤螒螡螚危,0.0,2026-05-14
巍桅螡螛螣巍螚9-唯唯3,contract:92c2c24b0fea,螘螕螝巍螜危螚 螖螒螤螒螡螚危,0.0,2026-05-14
唯75韦螣巍螚9-3螖8,contract:71c549fbfd59,螘螕螝巍螜危螚 螖螒螤螒螡螚危,0.0,2026-05-14
唯螡8螠螣巍螚9-螔危螖,contract:e97b8d019674,螘螕螝巍螜危螚 螖螒螤螒螡螚危,0.0,2026-05-14
唯螣9螕螣巍螚9-螠7螜,contract:3bc7b8e0cd54,螘螕螝巍螜危螚 螖螒螤螒螡螚危,0.0,2026-05-14
唯危唯螤螣巍螚9-螞螒螛,contract:b0d0c8c590f2,螘螕螝巍螜危螚 螖螒螤螒螡螚危,0.0,2026-05-14
